CL_ID,Month,Day,State,Occupation,ToAddress,WordResume,Company,CompanyDescription,EmailSubject,City,url,RA
5982300831,1,30,MT,,,,,,,billings,https://billings.craigslist.org/ret/5982300831.html,Connor Crowley
5982566762,1,30,MT,,,,,,,billings,https://billings.craigslist.org/ret/5982566762.html,Connor Crowley
5982613485,1,30,MT,,,,,,,billings,https://billings.craigslist.org/ret/5982613485.html,Connor Crowley
5983371343,1,31,MT,,,,,,,billings,https://billings.craigslist.org/ret/5983371343.html,Connor Crowley
5983849952,1,31,MT,,,,,,,billings,https://billings.craigslist.org/ret/5983849952.html,Connor Crowley
5991299761,2,5,MT,,,,,,,billings,https://billings.craigslist.org/ret/5991299761.html,Connor Crowley
5992335749,2,6,MT,,,,,,,billings,https://billings.craigslist.org/ret/5992335749.html,Connor Crowley
5992355569,2,6,MT,,,,,,,billings,https://billings.craigslist.org/ret/5992355569.html,Connor Crowley
5992902045,2,6,MT,,,,,,,billings,https://billings.craigslist.org/ret/5992902045.html,Connor Crowley
5995123078,2,8,MT,,,,,,,billings,https://billings.craigslist.org/ret/5995123078.html,Connor Crowley
5995423674,2,8,MT,,,,,,,billings,https://billings.craigslist.org/ret/5995423674.html,Connor Crowley
6002060935,2,13,MT,,,,,,,billings,https://billings.craigslist.org/ret/6002060935.html,Connor Crowley
6002373157,2,13,MT,,,,,,,billings,https://billings.craigslist.org/ret/6002373157.html,Connor Crowley
6002399655,2,13,MT,,,,,,,billings,https://billings.craigslist.org/ret/6002399655.html,Connor Crowley
6002697711,2,13,MT,,,,,,,billings,https://billings.craigslist.org/ret/6002697711.html,Connor Crowley
6007619473,2,17,MT,,,,,,,billings,https://billings.craigslist.org/ret/6007619473.html,Connor Crowley
6013748572,2,21,MT,,,,,,,billings,https://billings.craigslist.org/ret/6013748572.html,Connor Crowley
6015201167,2,22,MT,,,,,,,billings,https://billings.craigslist.org/ret/6015201167.html,Connor Crowley
6015267052,2,22,MT,,,,,,,billings,https://billings.craigslist.org/ret/6015267052.html,Connor Crowley
6015367002,2,22,MT,,,,,,,billings,https://billings.craigslist.org/ret/6015367002.html,Connor Crowley
6018379999,2,24,MT,,,,,,,billings,https://billings.craigslist.org/ret/6018379999.html,Connor Crowley
6018666773,2,24,MT,,,,,,,billings,https://billings.craigslist.org/ret/6018666773.html,Connor Crowley
6022209675,2,27,MT,,,,,,,billings,https://billings.craigslist.org/ret/6022209675.html,Connor Crowley
6022860473,2,27,MT,,,,,,,billings,https://billings.craigslist.org/ret/6022860473.html,Connor Crowley
6023820407,2,28,MT,,,,,,,billings,https://billings.craigslist.org/ret/6023820407.html,Connor Crowley
6024798791,3,1,MT,,,,,,,billings,https://billings.craigslist.org/ret/6024798791.html,Connor Crowley
6024804039,3,1,MT,,,,,,,billings,https://billings.craigslist.org/ret/6024804039.html,Connor Crowley
6025178156,3,1,MT,,,,,,,billings,https://billings.craigslist.org/ret/6025178156.html,Connor Crowley
