CL_ID,Month,Day,State,Occupation,ToAddress,WordResume,Company,CompanyDescription,EmailSubject,City,url,RA
6019863973,2,25,AK,,,,,,,anchorage,https://anchorage.craigslist.org/fbh/6019863973.html,Jennifer kallenburg
6019881084,2,25,AK,,,,,,,anchorage,https://anchorage.craigslist.org/fbh/6019881084.html,Jennifer kallenburg
6019882218,2,25,AK,,,,,,,anchorage,https://anchorage.craigslist.org/fbh/6019882218.html,Jennifer kallenburg
6019934216,2,25,AK,,,,,,,anchorage,https://anchorage.craigslist.org/fbh/6019934216.html,Jennifer kallenburg
6020015800,2,25,AK,,,,,,,anchorage,https://anchorage.craigslist.org/fbh/6020015800.html,Jennifer kallenburg
6020146431,2,25,AK,,,,,,,anchorage,https://anchorage.craigslist.org/fbh/6020146431.html,Jennifer kallenburg
6020886725,2,26,AK,,,,,,,anchorage,https://anchorage.craigslist.org/fbh/6020886725.html,Jennifer kallenburg
6021289755,2,26,AK,,,,,,,anchorage,https://anchorage.craigslist.org/fbh/6021289755.html,Jennifer kallenburg
6021329140,2,26,AK,,,,,,,anchorage,https://anchorage.craigslist.org/fbh/6021329140.html,Jennifer kallenburg
6021445802,2,26,AK,,,,,,,anchorage,https://anchorage.craigslist.org/fbh/6021445802.html,Jennifer kallenburg
6021500857,2,27,AK,,,,,,,anchorage,https://anchorage.craigslist.org/fbh/6021500857.html,Jennifer kallenburg
6022037059,2,27,AK,,,,,,,anchorage,https://anchorage.craigslist.org/fbh/6022037059.html,Jennifer kallenburg
6022310616,2,27,AK,,,,,,,anchorage,https://anchorage.craigslist.org/fbh/6022310616.html,Jennifer kallenburg
6022580473,2,27,AK,,,,,,,anchorage,https://anchorage.craigslist.org/fbh/6022580473.html,Jennifer kallenburg
6022618483,2,27,AK,,,,,,,anchorage,https://anchorage.craigslist.org/fbh/6022618483.html,Jennifer kallenburg
6022699774,2,27,AK,,,,,,,anchorage,https://anchorage.craigslist.org/fbh/6022699774.html,Jennifer kallenburg
6003936782,2,14,AK,,,,,,,anchorage,https://anchorage.craigslist.org/fbh/6003936782.html,Jennifer kallenburg
6004030054,2,14,AK,,,,,,,anchorage,https://anchorage.craigslist.org/fbh/6004030054.html,Jennifer kallenburg
6004828313,2,15,AK,,,,,,,anchorage,https://anchorage.craigslist.org/fbh/6004828313.html,Jennifer kallenburg
6004955041,2,15,AK,,,,,,,anchorage,https://anchorage.craigslist.org/fbh/6004955041.html,Jennifer kallenburg
6005169934,2,15,AK,,,,,,,anchorage,https://anchorage.craigslist.org/fbh/6005169934.html,Jennifer kallenburg
6005353550,2,15,AK,,,,,,,anchorage,https://anchorage.craigslist.org/fbh/6005353550.html,Jennifer kallenburg
6005460420,2,15,AK,,,,,,,anchorage,https://anchorage.craigslist.org/fbh/6005460420.html,Jennifer kallenburg
6006388661,2,16,AK,,,,,,,anchorage,https://anchorage.craigslist.org/fbh/6006388661.html,Jennifer kallenburg
6006528608,2,16,AK,,,,,,,anchorage,https://anchorage.craigslist.org/fbh/6006528608.html,Jennifer kallenburg
6006656483,2,16,AK,,,,,,,anchorage,https://anchorage.craigslist.org/fbh/6006656483.html,Jennifer kallenburg
6007564540,2,17,AK,,,,,,,anchorage,https://anchorage.craigslist.org/fbh/6007564540.html,Jennifer kallenburg
6008042024,2,17,AK,,,,,,,anchorage,https://anchorage.craigslist.org/fbh/6008042024.html,Jennifer kallenburg
6008195968,2,17,AK,,,,,,,anchorage,https://anchorage.craigslist.org/fbh/6008195968.html,Jennifer kallenburg
6008196897,2,17,AK,,,,,,,anchorage,https://anchorage.craigslist.org/fbh/6008196897.html,Jennifer kallenburg
6008260399,2,17,AK,,,,,,,anchorage,https://anchorage.craigslist.org/fbh/6008260399.html,Jennifer kallenburg
6008332660,2,17,AK,,,,,,,anchorage,https://anchorage.craigslist.org/fbh/6008332660.html,Jennifer kallenburg
6009622014,2,18,AK,,,,,,,anchorage,https://anchorage.craigslist.org/fbh/6009622014.html,Jennifer kallenburg
6009787176,2,18,AK,,,,,,,anchorage,https://anchorage.craigslist.org/fbh/6009787176.html,Jennifer kallenburg
6010705215,2,19,AK,,,,,,,anchorage,https://anchorage.craigslist.org/fbh/6010705215.html,Jennifer kallenburg
6010770717,2,19,AK,,,,,,,anchorage,https://anchorage.craigslist.org/fbh/6010770717.html,Jennifer kallenburg
6011067731,2,19,AK,,,,,,,anchorage,https://anchorage.craigslist.org/fbh/6011067731.html,Jennifer kallenburg
6011298877,2,20,AK,,,,,,,anchorage,https://anchorage.craigslist.org/fbh/6011298877.html,Jennifer kallenburg
6011791380,2,20,AK,,,,,,,anchorage,https://anchorage.craigslist.org/fbh/6011791380.html,Jennifer kallenburg
6011793943,2,20,AK,,,,,,,anchorage,https://anchorage.craigslist.org/fbh/6011793943.html,Jennifer kallenburg
6011997186,2,20,AK,,,,,,,anchorage,https://anchorage.craigslist.org/fbh/6011997186.html,Jennifer kallenburg
6012025965,2,20,AK,,,,,,,anchorage,https://anchorage.craigslist.org/fbh/6012025965.html,Jennifer kallenburg
6012031609,2,20,AK,,,,,,,anchorage,https://anchorage.craigslist.org/fbh/6012031609.html,Jennifer kallenburg
6012079013,2,20,AK,,,,,,,anchorage,https://anchorage.craigslist.org/fbh/6012079013.html,Jennifer kallenburg
6012414029,2,20,AK,,,,,,,anchorage,https://anchorage.craigslist.org/fbh/6012414029.html,Jennifer kallenburg
6012593304,2,20,AK,,,,,,,anchorage,https://anchorage.craigslist.org/fbh/6012593304.html,Jennifer kallenburg
6012607207,2,20,AK,,,,,,,anchorage,https://anchorage.craigslist.org/fbh/6012607207.html,Jennifer kallenburg
6013384083,2,21,AK,,,,,,,anchorage,https://anchorage.craigslist.org/fbh/6013384083.html,Jennifer kallenburg
6014040317,2,21,AK,,,,,,,anchorage,https://anchorage.craigslist.org/fbh/6014040317.html,Jennifer kallenburg
6014174497,2,21,AK,,,,,,,anchorage,https://anchorage.craigslist.org/fbh/6014174497.html,Jennifer kallenburg
6014350881,2,21,AK,,,,,,,anchorage,https://anchorage.craigslist.org/fbh/6014350881.html,Jennifer kallenburg
6014919594,2,22,AK,,,,,,,anchorage,https://anchorage.craigslist.org/fbh/6014919594.html,Jennifer kallenburg
6015112651,2,22,AK,,,,,,,anchorage,https://anchorage.craigslist.org/fbh/6015112651.html,Jennifer kallenburg
6015454692,2,22,AK,,,,,,,anchorage,https://anchorage.craigslist.org/fbh/6015454692.html,Jennifer kallenburg
6015478493,2,22,AK,,,,,,,anchorage,https://anchorage.craigslist.org/fbh/6015478493.html,Jennifer kallenburg
6015578844,2,22,AK,,,,,,,anchorage,https://anchorage.craigslist.org/fbh/6015578844.html,Jennifer kallenburg
6015668604,2,22,AK,,,,,,,anchorage,https://anchorage.craigslist.org/fbh/6015668604.html,Jennifer kallenburg
6016546868,2,23,AK,,,,,,,anchorage,https://anchorage.craigslist.org/fbh/6016546868.html,Jennifer kallenburg
6016794956,2,23,AK,,,,,,,anchorage,https://anchorage.craigslist.org/fbh/6016794956.html,Jennifer kallenburg
6016936016,2,23,AK,,,,,,,anchorage,https://anchorage.craigslist.org/fbh/6016936016.html,Jennifer kallenburg
6017053976,2,23,AK,,,,,,,anchorage,https://anchorage.craigslist.org/fbh/6017053976.html,Jennifer kallenburg
6017258748,2,23,AK,,,,,,,anchorage,https://anchorage.craigslist.org/fbh/6017258748.html,Jennifer kallenburg
6017840771,2,24,AK,,,,,,,anchorage,https://anchorage.craigslist.org/fbh/6017840771.html,Jennifer kallenburg
6018157410,2,24,AK,,,,,,,anchorage,https://anchorage.craigslist.org/fbh/6018157410.html,Jennifer kallenburg
6018225006,2,24,AK,,,,,,,anchorage,https://anchorage.craigslist.org/fbh/6018225006.html,Jennifer kallenburg
6018469849,2,24,AK,,,,,,,anchorage,https://anchorage.craigslist.org/fbh/6018469849.html,Jennifer kallenburg
6018471096,2,24,AK,,,,,,,anchorage,https://anchorage.craigslist.org/fbh/6018471096.html,Jennifer kallenburg
6018472763,2,24,AK,,,,,,,anchorage,https://anchorage.craigslist.org/fbh/6018472763.html,Jennifer kallenburg
6018559495,2,24,AK,,,,,,,anchorage,https://anchorage.craigslist.org/fbh/6018559495.html,Jennifer kallenburg
6018569695,2,24,AK,,,,,,,anchorage,https://anchorage.craigslist.org/fbh/6018569695.html,Jennifer kallenburg
6018642204,2,24,AK,,,,,,,anchorage,https://anchorage.craigslist.org/fbh/6018642204.html,Jennifer kallenburg
6019375315,2,25,AK,,,,,,,anchorage,https://anchorage.craigslist.org/fbh/6019375315.html,Jennifer kallenburg
6019423877,2,25,AK,,,,,,,anchorage,https://anchorage.craigslist.org/fbh/6019423877.html,Jennifer kallenburg
6019565963,2,25,AK,,,,,,,anchorage,https://anchorage.craigslist.org/fbh/6019565963.html,Jennifer kallenburg
6022755872,2,27,AK,,,,,,,anchorage,https://anchorage.craigslist.org/fbh/6022755872.html,Jennifer kallenburg
6023589104,2,28,AK,,,,,,,anchorage,https://anchorage.craigslist.org/fbh/6023589104.html,Jennifer kallenburg
6023661681,2,28,AK,,,,,,,anchorage,https://anchorage.craigslist.org/fbh/6023661681.html,Jennifer kallenburg
6023687505,2,28,AK,,,,,,,anchorage,https://anchorage.craigslist.org/fbh/6023687505.html,Jennifer kallenburg
6023692671,2,28,AK,,,,,,,anchorage,https://anchorage.craigslist.org/fbh/6023692671.html,Jennifer kallenburg
6023705878,2,28,AK,,,,,,,anchorage,https://anchorage.craigslist.org/fbh/6023705878.html,Jennifer kallenburg
6023721619,2,28,AK,,,,,,,anchorage,https://anchorage.craigslist.org/fbh/6023721619.html,Jennifer kallenburg
6023771898,2,28,AK,,,,,,,anchorage,https://anchorage.craigslist.org/fbh/6023771898.html,Jennifer kallenburg
6023866563,2,28,AK,,,,,,,anchorage,https://anchorage.craigslist.org/fbh/6023866563.html,Jennifer kallenburg
6024080272,2,28,AK,,,,,,,anchorage,https://anchorage.craigslist.org/fbh/6024080272.html,Jennifer kallenburg
6024175621,2,28,AK,,,,,,,anchorage,https://anchorage.craigslist.org/fbh/6024175621.html,Jennifer kallenburg
6024202751,2,28,AK,,,,,,,anchorage,https://anchorage.craigslist.org/fbh/6024202751.html,Jennifer kallenburg
6024222057,2,28,AK,,,,,,,anchorage,https://anchorage.craigslist.org/fbh/6024222057.html,Jennifer kallenburg
6024263580,2,28,AK,,,,,,,anchorage,https://anchorage.craigslist.org/fbh/6024263580.html,Jennifer kallenburg
6024274924,2,28,AK,,,,,,,anchorage,https://anchorage.craigslist.org/fbh/6024274924.html,Jennifer kallenburg
6024332213,2,28,AK,,,,,,,anchorage,https://anchorage.craigslist.org/fbh/6024332213.html,Jennifer kallenburg
6024478230,3,1,AK,,,,,,,anchorage,https://anchorage.craigslist.org/fbh/6024478230.html,Jennifer kallenburg
6024935481,3,1,AK,,,,,,,anchorage,https://anchorage.craigslist.org/fbh/6024935481.html,Jennifer kallenburg
6025031587,3,1,AK,,,,,,,anchorage,https://anchorage.craigslist.org/fbh/6025031587.html,Jennifer kallenburg
6025048498,3,1,AK,,,,,,,anchorage,https://anchorage.craigslist.org/fbh/6025048498.html,Jennifer kallenburg
6025113447,3,1,AK,,,,,,,anchorage,https://anchorage.craigslist.org/fbh/6025113447.html,Jennifer kallenburg
6025146794,3,1,AK,,,,,,,anchorage,https://anchorage.craigslist.org/fbh/6025146794.html,Jennifer kallenburg
6025183127,3,1,AK,,,,,,,anchorage,https://anchorage.craigslist.org/fbh/6025183127.html,Jennifer kallenburg
6025479773,3,1,AK,,,,,,,anchorage,https://anchorage.craigslist.org/fbh/6025479773.html,Jennifer kallenburg
6025566911,3,1,AK,,,,,,,anchorage,https://anchorage.craigslist.org/fbh/6025566911.html,Jennifer kallenburg
6025622793,3,1,AK,,,,,,,anchorage,https://anchorage.craigslist.org/fbh/6025622793.html,Jennifer kallenburg
