CL_ID,Month,Day,State,Occupation,ToAddress,WordResume,Company,CompanyDescription,EmailSubject,City,url,RA
6021589218,2,27,OK,,,,,,,oklahomacity,https://oklahomacity.craigslist.org/lab/6021589218.html,Jinlong Shi
6023579365,2,28,NM,,,,,,,albuquerque,https://albuquerque.craigslist.org/lab/6023579365.html,Jinlong Shi
6023595055,2,28,NM,,,,,,,albuquerque,https://albuquerque.craigslist.org/lab/6023595055.html,Jinlong Shi
6021601775,2,27,OK,,,,,,,oklahomacity,https://oklahomacity.craigslist.org/lab/6021601775.html,Jinlong Shi
6021725527,2,27,OK,,,,,,,oklahomacity,https://oklahomacity.craigslist.org/lab/6021725527.html,Jinlong Shi
6021754465,2,27,OK,,,,,,,oklahomacity,https://oklahomacity.craigslist.org/lab/6021754465.html,Jinlong Shi
6023625976,2,28,NM,,,,,,,albuquerque,https://albuquerque.craigslist.org/lab/6023625976.html,Jinlong Shi
6023680677,2,28,NM,,,,,,,albuquerque,https://albuquerque.craigslist.org/lab/6023680677.html,Jinlong Shi
6021755639,2,27,OK,,,,,,,oklahomacity,https://oklahomacity.craigslist.org/lab/6021755639.html,Jinlong Shi
6021760775,2,27,OK,,,,,,,oklahomacity,https://oklahomacity.craigslist.org/lab/6021760775.html,Jinlong Shi
6023695582,2,28,NM,,,,,,,albuquerque,https://albuquerque.craigslist.org/lab/6023695582.html,Jinlong Shi
6021763840,2,27,OK,,,,,,,oklahomacity,https://oklahomacity.craigslist.org/lab/6021763840.html,Jinlong Shi
6023178047,2,28,NM,,,,,,,albuquerque,https://albuquerque.craigslist.org/lab/6023178047.html,Jinlong Shi
6021773068,2,27,OK,,,,,,,oklahomacity,https://oklahomacity.craigslist.org/lab/6021773068.html,Jinlong Shi
6023952706,2,28,NM,,,,,,,albuquerque,https://albuquerque.craigslist.org/lab/6023952706.html,Jinlong Shi
6021797709,2,27,OK,,,,,,,oklahomacity,https://oklahomacity.craigslist.org/lab/6021797709.html,Jinlong Shi
6024030797,2,28,NM,,,,,,,albuquerque,https://albuquerque.craigslist.org/lab/6024030797.html,Jinlong Shi
6021798568,2,27,OK,,,,,,,oklahomacity,https://oklahomacity.craigslist.org/lab/6021798568.html,Jinlong Shi
6024051789,2,28,NM,,,,,,,albuquerque,https://albuquerque.craigslist.org/lab/6024051789.html,Jinlong Shi
6021818779,2,27,OK,,,,,,,oklahomacity,https://oklahomacity.craigslist.org/lab/6021818779.html,Jinlong Shi
6024077118,2,28,NM,,,,,,,albuquerque,https://albuquerque.craigslist.org/lab/6024077118.html,Jinlong Shi
6021819634,2,27,OK,,,,,,,oklahomacity,https://oklahomacity.craigslist.org/lab/6021819634.html,Jinlong Shi
6024096738,2,28,NM,,,,,,,albuquerque,https://albuquerque.craigslist.org/lab/6024096738.html,Jinlong Shi
6021852624,2,27,OK,,,,,,,oklahomacity,https://oklahomacity.craigslist.org/lab/6021852624.html,Jinlong Shi
6024131397,2,28,NM,,,,,,,albuquerque,https://albuquerque.craigslist.org/lab/6024131397.html,Jinlong Shi
6021855414,2,27,OK,,,,,,,oklahomacity,https://oklahomacity.craigslist.org/lab/6021855414.html,Jinlong Shi
6012969741,2,21,NM,,,,,,,albuquerque,https://albuquerque.craigslist.org/lab/6012969741.html,Jinlong Shi
6021879906,2,27,OK,,,,,,,oklahomacity,https://oklahomacity.craigslist.org/lab/6021879906.html,Jinlong Shi
6021904442,2,27,OK,,,,,,,oklahomacity,https://oklahomacity.craigslist.org/lab/6021904442.html,Jinlong Shi
6021945533,2,27,OK,,,,,,,oklahomacity,https://oklahomacity.craigslist.org/lab/6021945533.html,Jinlong Shi
6021945706,2,27,OK,,,,,,,oklahomacity,https://oklahomacity.craigslist.org/lab/6021945706.html,Jinlong Shi
6021993559,2,27,OK,,,,,,,oklahomacity,https://oklahomacity.craigslist.org/lab/6021993559.html,Jinlong Shi
6022095212,2,27,OK,,,,,,,oklahomacity,https://oklahomacity.craigslist.org/lab/6022095212.html,Jinlong Shi
6022106557,2,27,OK,,,,,,,oklahomacity,https://oklahomacity.craigslist.org/lab/6022106557.html,Jinlong Shi
6022189481,2,27,OK,,,,,,,oklahomacity,https://oklahomacity.craigslist.org/lab/6022189481.html,Jinlong Shi
6022223079,2,27,OK,,,,,,,oklahomacity,https://oklahomacity.craigslist.org/lab/6022223079.html,Jinlong Shi
6022317895,2,27,OK,,,,,,,oklahomacity,https://oklahomacity.craigslist.org/lab/6022317895.html,Jinlong Shi
6022329092,2,27,OK,,,,,,,oklahomacity,https://oklahomacity.craigslist.org/lab/6022329092.html,Jinlong Shi
6022366361,2,27,OK,,,,,,,oklahomacity,https://oklahomacity.craigslist.org/lab/6022366361.html,Jinlong Shi
6022398363,2,27,OK,,,,,,,oklahomacity,https://oklahomacity.craigslist.org/lab/6022398363.html,Jinlong Shi
6022509791,2,27,OK,,,,,,,oklahomacity,https://oklahomacity.craigslist.org/lab/6022509791.html,Jinlong Shi
6022597074,2,27,OK,,,,,,,oklahomacity,https://oklahomacity.craigslist.org/lab/6022597074.html,Jinlong Shi
6022729372,2,27,OK,,,,,,,oklahomacity,https://oklahomacity.craigslist.org/lab/6022729372.html,Jinlong Shi
6022945925,2,27,OK,,,,,,,oklahomacity,https://oklahomacity.craigslist.org/lab/6022945925.html,Jinlong Shi
6023121273,2,28,OK,,,,,,,oklahomacity,https://oklahomacity.craigslist.org/lab/6023121273.html,Jinlong Shi
6023135929,2,28,OK,,,,,,,oklahomacity,https://oklahomacity.craigslist.org/lab/6023135929.html,Jinlong Shi
6023237089,2,28,OK,,,,,,,oklahomacity,https://oklahomacity.craigslist.org/lab/6023237089.html,Jinlong Shi
6023258235,2,28,OK,,,,,,,oklahomacity,https://oklahomacity.craigslist.org/lab/6023258235.html,Jinlong Shi
6023263539,2,28,OK,,,,,,,oklahomacity,https://oklahomacity.craigslist.org/lab/6023263539.html,Jinlong Shi
6023310101,2,28,OK,,,,,,,oklahomacity,https://oklahomacity.craigslist.org/lab/6023310101.html,Jinlong Shi
6023316296,2,28,OK,,,,,,,oklahomacity,https://oklahomacity.craigslist.org/lab/6023316296.html,Jinlong Shi
6023328246,2,28,OK,,,,,,,oklahomacity,https://oklahomacity.craigslist.org/lab/6023328246.html,Jinlong Shi
6023340889,2,28,OK,,,,,,,oklahomacity,https://oklahomacity.craigslist.org/lab/6023340889.html,Jinlong Shi
6023394171,2,28,OK,,,,,,,oklahomacity,https://oklahomacity.craigslist.org/lab/6023394171.html,Jinlong Shi
6023403132,2,28,OK,,,,,,,oklahomacity,https://oklahomacity.craigslist.org/lab/6023403132.html,Jinlong Shi
6023405018,2,28,OK,,,,,,,oklahomacity,https://oklahomacity.craigslist.org/lab/6023405018.html,Jinlong Shi
6023424954,2,28,OK,,,,,,,oklahomacity,https://oklahomacity.craigslist.org/lab/6023424954.html,Jinlong Shi
6023457892,2,28,OK,,,,,,,oklahomacity,https://oklahomacity.craigslist.org/lab/6023457892.html,Jinlong Shi
6023487667,2,28,OK,,,,,,,oklahomacity,https://oklahomacity.craigslist.org/lab/6023487667.html,Jinlong Shi
6014991041,2,22,OK,,,,,,,oklahomacity,https://oklahomacity.craigslist.org/lab/6014991041.html,Jinlong Shi
6023522399,2,28,OK,,,,,,,oklahomacity,https://oklahomacity.craigslist.org/lab/6023522399.html,Jinlong Shi
6023526368,2,28,OK,,,,,,,oklahomacity,https://oklahomacity.craigslist.org/lab/6023526368.html,Jinlong Shi
6023559024,2,28,OK,,,,,,,oklahomacity,https://oklahomacity.craigslist.org/lab/6023559024.html,Jinlong Shi
6023647497,2,28,OK,,,,,,,oklahomacity,https://oklahomacity.craigslist.org/lab/6023647497.html,Jinlong Shi
6023653617,2,28,OK,,,,,,,oklahomacity,https://oklahomacity.craigslist.org/lab/6023653617.html,Jinlong Shi
6023695734,2,28,OK,,,,,,,oklahomacity,https://oklahomacity.craigslist.org/lab/6023695734.html,Jinlong Shi
6023842701,2,28,OK,,,,,,,oklahomacity,https://oklahomacity.craigslist.org/lab/6023842701.html,Jinlong Shi
6023847958,2,28,OK,,,,,,,oklahomacity,https://oklahomacity.craigslist.org/lab/6023847958.html,Jinlong Shi
6023897787,2,28,OK,,,,,,,oklahomacity,https://oklahomacity.craigslist.org/lab/6023897787.html,Jinlong Shi
6023942718,2,28,OK,,,,,,,oklahomacity,https://oklahomacity.craigslist.org/lab/6023942718.html,Jinlong Shi
6023962891,2,28,OK,,,,,,,oklahomacity,https://oklahomacity.craigslist.org/lab/6023962891.html,Jinlong Shi
6023982979,2,28,OK,,,,,,,oklahomacity,https://oklahomacity.craigslist.org/lab/6023982979.html,Jinlong Shi
6024085626,2,28,OK,,,,,,,oklahomacity,https://oklahomacity.craigslist.org/lab/6024085626.html,Jinlong Shi
6024118725,2,28,OK,,,,,,,oklahomacity,https://oklahomacity.craigslist.org/lab/6024118725.html,Jinlong Shi
6024142422,2,28,OK,,,,,,,oklahomacity,https://oklahomacity.craigslist.org/lab/6024142422.html,Jinlong Shi
6024215684,2,28,OK,,,,,,,oklahomacity,https://oklahomacity.craigslist.org/lab/6024215684.html,Jinlong Shi
6024230963,2,28,OK,,,,,,,oklahomacity,https://oklahomacity.craigslist.org/lab/6024230963.html,Jinlong Shi
6024353535,2,28,OK,,,,,,,oklahomacity,https://oklahomacity.craigslist.org/lab/6024353535.html,Jinlong Shi
6024368432,2,28,OK,,,,,,,oklahomacity,https://oklahomacity.craigslist.org/lab/6024368432.html,Jinlong Shi
6024498160,3,1,OK,,,,,,,oklahomacity,https://oklahomacity.craigslist.org/lab/6024498160.html,Jinlong Shi
6024517253,3,1,OK,,,,,,,oklahomacity,https://oklahomacity.craigslist.org/lab/6024517253.html,Jinlong Shi
6024553339,3,1,OK,,,,,,,oklahomacity,https://oklahomacity.craigslist.org/lab/6024553339.html,Jinlong Shi
6024571395,3,1,OK,,,,,,,oklahomacity,https://oklahomacity.craigslist.org/lab/6024571395.html,Jinlong Shi
6024577613,3,1,OK,,,,,,,oklahomacity,https://oklahomacity.craigslist.org/lab/6024577613.html,Jinlong Shi
6024586599,3,1,OK,,,,,,,oklahomacity,https://oklahomacity.craigslist.org/lab/6024586599.html,Jinlong Shi
6024588563,3,1,OK,,,,,,,oklahomacity,https://oklahomacity.craigslist.org/lab/6024588563.html,Jinlong Shi
6024611859,3,1,OK,,,,,,,oklahomacity,https://oklahomacity.craigslist.org/lab/6024611859.html,Jinlong Shi
6024614254,3,1,OK,,,,,,,oklahomacity,https://oklahomacity.craigslist.org/lab/6024614254.html,Jinlong Shi
6024664917,3,1,OK,,,,,,,oklahomacity,https://oklahomacity.craigslist.org/lab/6024664917.html,Jinlong Shi
6024684575,3,1,OK,,,,,,,oklahomacity,https://oklahomacity.craigslist.org/lab/6024684575.html,Jinlong Shi
6024693940,3,1,OK,,,,,,,oklahomacity,https://oklahomacity.craigslist.org/lab/6024693940.html,Jinlong Shi
6024699457,3,1,OK,,,,,,,oklahomacity,https://oklahomacity.craigslist.org/lab/6024699457.html,Jinlong Shi
6024732099,3,1,OK,,,,,,,oklahomacity,https://oklahomacity.craigslist.org/lab/6024732099.html,Jinlong Shi
6024738093,3,1,OK,,,,,,,oklahomacity,https://oklahomacity.craigslist.org/lab/6024738093.html,Jinlong Shi
6024785735,3,1,OK,,,,,,,oklahomacity,https://oklahomacity.craigslist.org/lab/6024785735.html,Jinlong Shi
6024788482,3,1,OK,,,,,,,oklahomacity,https://oklahomacity.craigslist.org/lab/6024788482.html,Jinlong Shi
6024844302,3,1,OK,,,,,,,oklahomacity,https://oklahomacity.craigslist.org/lab/6024844302.html,Jinlong Shi
6024855766,3,1,OK,,,,,,,oklahomacity,https://oklahomacity.craigslist.org/lab/6024855766.html,Jinlong Shi
6012976244,2,21,NM,,,,,,,albuquerque,https://albuquerque.craigslist.org/lab/6012976244.html,Jinlong Shi
6013059172,2,21,NM,,,,,,,albuquerque,https://albuquerque.craigslist.org/lab/6013059172.html,Jinlong Shi
6024895195,3,1,OK,,,,,,,oklahomacity,https://oklahomacity.craigslist.org/lab/6024895195.html,Jinlong Shi
6013093004,2,21,NM,,,,,,,albuquerque,https://albuquerque.craigslist.org/lab/6013093004.html,Jinlong Shi
6024899468,3,1,OK,,,,,,,oklahomacity,https://oklahomacity.craigslist.org/lab/6024899468.html,Jinlong Shi
6013250968,2,21,NM,,,,,,,albuquerque,https://albuquerque.craigslist.org/lab/6013250968.html,Jinlong Shi
6025027032,3,1,OK,,,,,,,oklahomacity,https://oklahomacity.craigslist.org/lab/6025027032.html,Jinlong Shi
6025055102,3,1,OK,,,,,,,oklahomacity,https://oklahomacity.craigslist.org/lab/6025055102.html,Jinlong Shi
6013262259,2,21,NM,,,,,,,albuquerque,https://albuquerque.craigslist.org/lab/6013262259.html,Jinlong Shi
6025092628,3,1,OK,,,,,,,oklahomacity,https://oklahomacity.craigslist.org/lab/6025092628.html,Jinlong Shi
6025092767,3,1,OK,,,,,,,oklahomacity,https://oklahomacity.craigslist.org/lab/6025092767.html,Jinlong Shi
6013269931,2,21,NM,,,,,,,albuquerque,https://albuquerque.craigslist.org/lab/6013269931.html,Jinlong Shi
6025171755,3,1,OK,,,,,,,oklahomacity,https://oklahomacity.craigslist.org/lab/6025171755.html,Jinlong Shi
6013775832,2,21,NM,,,,,,,albuquerque,https://albuquerque.craigslist.org/lab/6013775832.html,Jinlong Shi
6025194961,3,1,OK,,,,,,,oklahomacity,https://oklahomacity.craigslist.org/lab/6025194961.html,Jinlong Shi
6013939926,2,21,NM,,,,,,,albuquerque,https://albuquerque.craigslist.org/lab/6013939926.html,Jinlong Shi
6025226656,3,1,OK,,,,,,,oklahomacity,https://oklahomacity.craigslist.org/lab/6025226656.html,Jinlong Shi
6025279495,3,1,OK,,,,,,,oklahomacity,https://oklahomacity.craigslist.org/lab/6025279495.html,Jinlong Shi
6014566566,2,22,NM,,,,,,,albuquerque,https://albuquerque.craigslist.org/lab/6014566566.html,Jinlong Shi
6014688867,2,22,NM,,,,,,,albuquerque,https://albuquerque.craigslist.org/lab/6014688867.html,Jinlong Shi
6025283027,3,1,OK,,,,,,,oklahomacity,https://oklahomacity.craigslist.org/lab/6025283027.html,Jinlong Shi
6014760113,2,22,NM,,,,,,,albuquerque,https://albuquerque.craigslist.org/lab/6014760113.html,Jinlong Shi
6025378997,3,1,OK,,,,,,,oklahomacity,https://oklahomacity.craigslist.org/lab/6025378997.html,Jinlong Shi
6014761834,2,22,NM,,,,,,,albuquerque,https://albuquerque.craigslist.org/lab/6014761834.html,Jinlong Shi
6025422045,3,1,OK,,,,,,,oklahomacity,https://oklahomacity.craigslist.org/lab/6025422045.html,Jinlong Shi
6014890794,2,22,NM,,,,,,,albuquerque,https://albuquerque.craigslist.org/lab/6014890794.html,Jinlong Shi
6014895275,2,22,NM,,,,,,,albuquerque,https://albuquerque.craigslist.org/lab/6014895275.html,Jinlong Shi
6025480427,3,1,OK,,,,,,,oklahomacity,https://oklahomacity.craigslist.org/lab/6025480427.html,Jinlong Shi
6014926655,2,22,NM,,,,,,,albuquerque,https://albuquerque.craigslist.org/lab/6014926655.html,Jinlong Shi
6025527116,3,1,OK,,,,,,,oklahomacity,https://oklahomacity.craigslist.org/lab/6025527116.html,Jinlong Shi
6014989277,2,22,NM,,,,,,,albuquerque,https://albuquerque.craigslist.org/lab/6014989277.html,Jinlong Shi
6015440129,2,22,NM,,,,,,,albuquerque,https://albuquerque.craigslist.org/lab/6015440129.html,Jinlong Shi
6015559164,2,22,NM,,,,,,,albuquerque,https://albuquerque.craigslist.org/lab/6015559164.html,Jinlong Shi
6015793474,2,22,NM,,,,,,,albuquerque,https://albuquerque.craigslist.org/lab/6015793474.html,Jinlong Shi
6016201915,2,23,NM,,,,,,,albuquerque,https://albuquerque.craigslist.org/lab/6016201915.html,Jinlong Shi
6016358277,2,23,NM,,,,,,,albuquerque,https://albuquerque.craigslist.org/lab/6016358277.html,Jinlong Shi
6016425172,2,23,NM,,,,,,,albuquerque,https://albuquerque.craigslist.org/lab/6016425172.html,Jinlong Shi
6016426573,2,23,NM,,,,,,,albuquerque,https://albuquerque.craigslist.org/lab/6016426573.html,Jinlong Shi
6016518526,2,23,NM,,,,,,,albuquerque,https://albuquerque.craigslist.org/lab/6016518526.html,Jinlong Shi
6016544612,2,23,NM,,,,,,,albuquerque,https://albuquerque.craigslist.org/lab/6016544612.html,Jinlong Shi
6016587192,2,23,NM,,,,,,,albuquerque,https://albuquerque.craigslist.org/lab/6016587192.html,Jinlong Shi
6016642784,2,23,NM,,,,,,,albuquerque,https://albuquerque.craigslist.org/lab/6016642784.html,Jinlong Shi
6016807361,2,23,NM,,,,,,,albuquerque,https://albuquerque.craigslist.org/lab/6016807361.html,Jinlong Shi
6016919159,2,23,NM,,,,,,,albuquerque,https://albuquerque.craigslist.org/lab/6016919159.html,Jinlong Shi
6017213066,2,23,NM,,,,,,,albuquerque,https://albuquerque.craigslist.org/lab/6017213066.html,Jinlong Shi
6017541434,2,24,NM,,,,,,,albuquerque,https://albuquerque.craigslist.org/lab/6017541434.html,Jinlong Shi
6017675653,2,24,NM,,,,,,,albuquerque,https://albuquerque.craigslist.org/lab/6017675653.html,Jinlong Shi
6017812112,2,24,NM,,,,,,,albuquerque,https://albuquerque.craigslist.org/lab/6017812112.html,Jinlong Shi
6017877107,2,24,NM,,,,,,,albuquerque,https://albuquerque.craigslist.org/lab/6017877107.html,Jinlong Shi
6017950309,2,24,NM,,,,,,,albuquerque,https://albuquerque.craigslist.org/lab/6017950309.html,Jinlong Shi
6017965231,2,24,NM,,,,,,,albuquerque,https://albuquerque.craigslist.org/lab/6017965231.html,Jinlong Shi
6018062636,2,24,NM,,,,,,,albuquerque,https://albuquerque.craigslist.org/lab/6018062636.html,Jinlong Shi
6018067384,2,24,NM,,,,,,,albuquerque,https://albuquerque.craigslist.org/lab/6018067384.html,Jinlong Shi
6018115806,2,24,NM,,,,,,,albuquerque,https://albuquerque.craigslist.org/lab/6018115806.html,Jinlong Shi
6018179151,2,24,NM,,,,,,,albuquerque,https://albuquerque.craigslist.org/lab/6018179151.html,Jinlong Shi
6018278365,2,24,NM,,,,,,,albuquerque,https://albuquerque.craigslist.org/lab/6018278365.html,Jinlong Shi
6018327913,2,24,NM,,,,,,,albuquerque,https://albuquerque.craigslist.org/lab/6018327913.html,Jinlong Shi
6018338089,2,24,NM,,,,,,,albuquerque,https://albuquerque.craigslist.org/lab/6018338089.html,Jinlong Shi
6018364564,2,24,NM,,,,,,,albuquerque,https://albuquerque.craigslist.org/lab/6018364564.html,Jinlong Shi
6018377614,2,24,NM,,,,,,,albuquerque,https://albuquerque.craigslist.org/lab/6018377614.html,Jinlong Shi
6018389340,2,24,NM,,,,,,,albuquerque,https://albuquerque.craigslist.org/lab/6018389340.html,Jinlong Shi
6019204457,2,25,NM,,,,,,,albuquerque,https://albuquerque.craigslist.org/lab/6019204457.html,Jinlong Shi
6019639838,2,25,NM,,,,,,,albuquerque,https://albuquerque.craigslist.org/lab/6019639838.html,Jinlong Shi
6020552065,2,26,NM,,,,,,,albuquerque,https://albuquerque.craigslist.org/lab/6020552065.html,Jinlong Shi
6020989185,2,26,NM,,,,,,,albuquerque,https://albuquerque.craigslist.org/lab/6020989185.html,Jinlong Shi
6021709101,2,27,NM,,,,,,,albuquerque,https://albuquerque.craigslist.org/lab/6021709101.html,Jinlong Shi
6021797061,2,27,NM,,,,,,,albuquerque,https://albuquerque.craigslist.org/lab/6021797061.html,Jinlong Shi
6021831227,2,27,NM,,,,,,,albuquerque,https://albuquerque.craigslist.org/lab/6021831227.html,Jinlong Shi
6021857069,2,27,NM,,,,,,,albuquerque,https://albuquerque.craigslist.org/lab/6021857069.html,Jinlong Shi
6021894900,2,27,NM,,,,,,,albuquerque,https://albuquerque.craigslist.org/lab/6021894900.html,Jinlong Shi
6021922430,2,27,NM,,,,,,,albuquerque,https://albuquerque.craigslist.org/lab/6021922430.html,Jinlong Shi
6020295212,2,26,NM,,,,,,,albuquerque,https://albuquerque.craigslist.org/lab/6020295212.html,Jinlong Shi
6021947322,2,27,NM,,,,,,,albuquerque,https://albuquerque.craigslist.org/lab/6021947322.html,Jinlong Shi
6021960027,2,27,NM,,,,,,,albuquerque,https://albuquerque.craigslist.org/lab/6021960027.html,Jinlong Shi
6022019326,2,27,NM,,,,,,,albuquerque,https://albuquerque.craigslist.org/lab/6022019326.html,Jinlong Shi
6022036997,2,27,NM,,,,,,,albuquerque,https://albuquerque.craigslist.org/lab/6022036997.html,Jinlong Shi
6022058664,2,27,NM,,,,,,,albuquerque,https://albuquerque.craigslist.org/lab/6022058664.html,Jinlong Shi
6022063944,2,27,NM,,,,,,,albuquerque,https://albuquerque.craigslist.org/lab/6022063944.html,Jinlong Shi
6022521886,2,27,NM,,,,,,,albuquerque,https://albuquerque.craigslist.org/lab/6022521886.html,Jinlong Shi
6022603656,2,27,NM,,,,,,,albuquerque,https://albuquerque.craigslist.org/lab/6022603656.html,Jinlong Shi
6022639348,2,27,NM,,,,,,,albuquerque,https://albuquerque.craigslist.org/lab/6022639348.html,Jinlong Shi
6022836530,2,27,NM,,,,,,,albuquerque,https://albuquerque.craigslist.org/lab/6022836530.html,Jinlong Shi
6023086282,2,28,NM,,,,,,,albuquerque,https://albuquerque.craigslist.org/lab/6023086282.html,Jinlong Shi
6023291235,2,28,NM,,,,,,,albuquerque,https://albuquerque.craigslist.org/lab/6023291235.html,Jinlong Shi
6023457264,2,28,NM,,,,,,,albuquerque,https://albuquerque.craigslist.org/lab/6023457264.html,Jinlong Shi
6023487733,2,28,NM,,,,,,,albuquerque,https://albuquerque.craigslist.org/lab/6023487733.html,Jinlong Shi
6023523161,2,28,NM,,,,,,,albuquerque,https://albuquerque.craigslist.org/lab/6023523161.html,Jinlong Shi
6024195838,2,28,NM,,,,,,,albuquerque,https://albuquerque.craigslist.org/lab/6024195838.html,Jinlong Shi
6024672702,3,1,NM,,,,,,,albuquerque,https://albuquerque.craigslist.org/lab/6024672702.html,Jinlong Shi
6024810183,3,1,NM,,,,,,,albuquerque,https://albuquerque.craigslist.org/lab/6024810183.html,Jinlong Shi
6024821100,3,1,NM,,,,,,,albuquerque,https://albuquerque.craigslist.org/lab/6024821100.html,Jinlong Shi
6024863388,3,1,NM,,,,,,,albuquerque,https://albuquerque.craigslist.org/lab/6024863388.html,Jinlong Shi
6024912953,3,1,NM,,,,,,,albuquerque,https://albuquerque.craigslist.org/lab/6024912953.html,Jinlong Shi
6024923214,3,1,NM,,,,,,,albuquerque,https://albuquerque.craigslist.org/lab/6024923214.html,Jinlong Shi
6024949152,3,1,NM,,,,,,,albuquerque,https://albuquerque.craigslist.org/lab/6024949152.html,Jinlong Shi
6025074510,3,1,NM,,,,,,,albuquerque,https://albuquerque.craigslist.org/lab/6025074510.html,Jinlong Shi
6025199890,3,1,NM,,,,,,,albuquerque,https://albuquerque.craigslist.org/lab/6025199890.html,Jinlong Shi
6025219000,3,1,NM,,,,,,,albuquerque,https://albuquerque.craigslist.org/lab/6025219000.html,Jinlong Shi
6025366521,3,1,NM,,,,,,,albuquerque,https://albuquerque.craigslist.org/lab/6025366521.html,Jinlong Shi
6025382998,3,1,NM,,,,,,,albuquerque,https://albuquerque.craigslist.org/lab/6025382998.html,Jinlong Shi
6025446087,3,1,NM,,,,,,,albuquerque,https://albuquerque.craigslist.org/lab/6025446087.html,Jinlong Shi
6025554119,3,1,NM,,,,,,,albuquerque,https://albuquerque.craigslist.org/lab/6025554119.html,Jinlong Shi
