CL_ID,Month,Day,State,Occupation,ToAddress,WordResume,Company,CompanyDescription,EmailSubject,City,url,RA
6024947275,3,1,TX,,,,,,,houston,https://houston.craigslist.org/fbh/6024947275.html,Julia Levy
6012248931,2,20,OK,,,,,,,oklahomacity,https://oklahomacity.craigslist.org/fbh/6012248931.html,Julia Levy
6024959291,3,1,TX,,,,,,,houston,https://houston.craigslist.org/fbh/6024959291.html,Julia Levy
6012250460,2,20,OK,,,,,,,oklahomacity,https://oklahomacity.craigslist.org/fbh/6012250460.html,Julia Levy
6024984129,3,1,TX,,,,,,,houston,https://houston.craigslist.org/fbh/6024984129.html,Julia Levy
6012252047,2,20,OK,,,,,,,oklahomacity,https://oklahomacity.craigslist.org/fbh/6012252047.html,Julia Levy
6025000092,3,1,TX,,,,,,,houston,https://houston.craigslist.org/fbh/6025000092.html,Julia Levy
6012253579,2,20,OK,,,,,,,oklahomacity,https://oklahomacity.craigslist.org/fbh/6012253579.html,Julia Levy
6025015993,3,1,TX,,,,,,,houston,https://houston.craigslist.org/fbh/6025015993.html,Julia Levy
6025039570,3,1,TX,,,,,,,houston,https://houston.craigslist.org/fbh/6025039570.html,Julia Levy
6012275756,2,20,OK,,,,,,,oklahomacity,https://oklahomacity.craigslist.org/fbh/6012275756.html,Julia Levy
6025052280,3,1,TX,,,,,,,houston,https://houston.craigslist.org/fbh/6025052280.html,Julia Levy
6012488647,2,20,OK,,,,,,,oklahomacity,https://oklahomacity.craigslist.org/fbh/6012488647.html,Julia Levy
6025075758,3,1,TX,,,,,,,houston,https://houston.craigslist.org/fbh/6025075758.html,Julia Levy
6012803223,2,21,OK,,,,,,,oklahomacity,https://oklahomacity.craigslist.org/fbh/6012803223.html,Julia Levy
6025082983,3,1,TX,,,,,,,houston,https://houston.craigslist.org/fbh/6025082983.html,Julia Levy
6013020221,2,21,OK,,,,,,,oklahomacity,https://oklahomacity.craigslist.org/fbh/6013020221.html,Julia Levy
6025085957,3,1,TX,,,,,,,houston,https://houston.craigslist.org/fbh/6025085957.html,Julia Levy
6013153094,2,21,OK,,,,,,,oklahomacity,https://oklahomacity.craigslist.org/fbh/6013153094.html,Julia Levy
6025115933,3,1,TX,,,,,,,houston,https://houston.craigslist.org/fbh/6025115933.html,Julia Levy
6013230046,2,21,OK,,,,,,,oklahomacity,https://oklahomacity.craigslist.org/fbh/6013230046.html,Julia Levy
6025159628,3,1,TX,,,,,,,houston,https://houston.craigslist.org/fbh/6025159628.html,Julia Levy
6013486256,2,21,OK,,,,,,,oklahomacity,https://oklahomacity.craigslist.org/fbh/6013486256.html,Julia Levy
6025166642,3,1,TX,,,,,,,houston,https://houston.craigslist.org/fbh/6025166642.html,Julia Levy
6013622813,2,21,OK,,,,,,,oklahomacity,https://oklahomacity.craigslist.org/fbh/6013622813.html,Julia Levy
6025167966,3,1,TX,,,,,,,houston,https://houston.craigslist.org/fbh/6025167966.html,Julia Levy
6013794122,2,21,OK,,,,,,,oklahomacity,https://oklahomacity.craigslist.org/fbh/6013794122.html,Julia Levy
6025174181,3,1,TX,,,,,,,houston,https://houston.craigslist.org/fbh/6025174181.html,Julia Levy
6014103334,2,21,OK,,,,,,,oklahomacity,https://oklahomacity.craigslist.org/fbh/6014103334.html,Julia Levy
6025176948,3,1,TX,,,,,,,houston,https://houston.craigslist.org/fbh/6025176948.html,Julia Levy
6014104015,2,21,OK,,,,,,,oklahomacity,https://oklahomacity.craigslist.org/fbh/6014104015.html,Julia Levy
6014104618,2,21,OK,,,,,,,oklahomacity,https://oklahomacity.craigslist.org/fbh/6014104618.html,Julia Levy
6014138261,2,21,OK,,,,,,,oklahomacity,https://oklahomacity.craigslist.org/fbh/6014138261.html,Julia Levy
6014403289,2,22,OK,,,,,,,oklahomacity,https://oklahomacity.craigslist.org/fbh/6014403289.html,Julia Levy
6014580499,2,22,OK,,,,,,,oklahomacity,https://oklahomacity.craigslist.org/fbh/6014580499.html,Julia Levy
6014876798,2,22,OK,,,,,,,oklahomacity,https://oklahomacity.craigslist.org/fbh/6014876798.html,Julia Levy
6014886398,2,22,OK,,,,,,,oklahomacity,https://oklahomacity.craigslist.org/fbh/6014886398.html,Julia Levy
6015080412,2,22,OK,,,,,,,oklahomacity,https://oklahomacity.craigslist.org/fbh/6015080412.html,Julia Levy
6015281694,2,22,OK,,,,,,,oklahomacity,https://oklahomacity.craigslist.org/fbh/6015281694.html,Julia Levy
6015366479,2,22,OK,,,,,,,oklahomacity,https://oklahomacity.craigslist.org/fbh/6015366479.html,Julia Levy
6015370049,2,22,OK,,,,,,,oklahomacity,https://oklahomacity.craigslist.org/fbh/6015370049.html,Julia Levy
6015392212,2,22,OK,,,,,,,oklahomacity,https://oklahomacity.craigslist.org/fbh/6015392212.html,Julia Levy
6015395552,2,22,OK,,,,,,,oklahomacity,https://oklahomacity.craigslist.org/fbh/6015395552.html,Julia Levy
6015409613,2,22,OK,,,,,,,oklahomacity,https://oklahomacity.craigslist.org/fbh/6015409613.html,Julia Levy
6015622679,2,22,OK,,,,,,,oklahomacity,https://oklahomacity.craigslist.org/fbh/6015622679.html,Julia Levy
6015654181,2,22,OK,,,,,,,oklahomacity,https://oklahomacity.craigslist.org/fbh/6015654181.html,Julia Levy
6016140738,2,23,OK,,,,,,,oklahomacity,https://oklahomacity.craigslist.org/fbh/6016140738.html,Julia Levy
6016265413,2,23,OK,,,,,,,oklahomacity,https://oklahomacity.craigslist.org/fbh/6016265413.html,Julia Levy
6016355917,2,23,OK,,,,,,,oklahomacity,https://oklahomacity.craigslist.org/fbh/6016355917.html,Julia Levy
6016668217,2,23,OK,,,,,,,oklahomacity,https://oklahomacity.craigslist.org/fbh/6016668217.html,Julia Levy
6016876654,2,23,OK,,,,,,,oklahomacity,https://oklahomacity.craigslist.org/fbh/6016876654.html,Julia Levy
6016940997,2,23,OK,,,,,,,oklahomacity,https://oklahomacity.craigslist.org/fbh/6016940997.html,Julia Levy
6016973977,2,23,OK,,,,,,,oklahomacity,https://oklahomacity.craigslist.org/fbh/6016973977.html,Julia Levy
6017045190,2,23,OK,,,,,,,oklahomacity,https://oklahomacity.craigslist.org/fbh/6017045190.html,Julia Levy
6017210269,2,23,OK,,,,,,,oklahomacity,https://oklahomacity.craigslist.org/fbh/6017210269.html,Julia Levy
6017231336,2,23,OK,,,,,,,oklahomacity,https://oklahomacity.craigslist.org/fbh/6017231336.html,Julia Levy
6017579190,2,24,OK,,,,,,,oklahomacity,https://oklahomacity.craigslist.org/fbh/6017579190.html,Julia Levy
6017603377,2,24,OK,,,,,,,oklahomacity,https://oklahomacity.craigslist.org/fbh/6017603377.html,Julia Levy
6017615311,2,24,OK,,,,,,,oklahomacity,https://oklahomacity.craigslist.org/fbh/6017615311.html,Julia Levy
6017630503,2,24,OK,,,,,,,oklahomacity,https://oklahomacity.craigslist.org/fbh/6017630503.html,Julia Levy
6017685521,2,24,OK,,,,,,,oklahomacity,https://oklahomacity.craigslist.org/fbh/6017685521.html,Julia Levy
6017818556,2,24,OK,,,,,,,oklahomacity,https://oklahomacity.craigslist.org/fbh/6017818556.html,Julia Levy
6017949179,2,24,OK,,,,,,,oklahomacity,https://oklahomacity.craigslist.org/fbh/6017949179.html,Julia Levy
6017962051,2,24,OK,,,,,,,oklahomacity,https://oklahomacity.craigslist.org/fbh/6017962051.html,Julia Levy
6018005407,2,24,OK,,,,,,,oklahomacity,https://oklahomacity.craigslist.org/fbh/6018005407.html,Julia Levy
6018053239,2,24,OK,,,,,,,oklahomacity,https://oklahomacity.craigslist.org/fbh/6018053239.html,Julia Levy
6018054862,2,24,OK,,,,,,,oklahomacity,https://oklahomacity.craigslist.org/fbh/6018054862.html,Julia Levy
6018058618,2,24,OK,,,,,,,oklahomacity,https://oklahomacity.craigslist.org/fbh/6018058618.html,Julia Levy
6018063267,2,24,OK,,,,,,,oklahomacity,https://oklahomacity.craigslist.org/fbh/6018063267.html,Julia Levy
6018078998,2,24,OK,,,,,,,oklahomacity,https://oklahomacity.craigslist.org/fbh/6018078998.html,Julia Levy
6018082587,2,24,OK,,,,,,,oklahomacity,https://oklahomacity.craigslist.org/fbh/6018082587.html,Julia Levy
6018088459,2,24,OK,,,,,,,oklahomacity,https://oklahomacity.craigslist.org/fbh/6018088459.html,Julia Levy
6018097668,2,24,OK,,,,,,,oklahomacity,https://oklahomacity.craigslist.org/fbh/6018097668.html,Julia Levy
6018131091,2,24,OK,,,,,,,oklahomacity,https://oklahomacity.craigslist.org/fbh/6018131091.html,Julia Levy
6018189056,2,24,OK,,,,,,,oklahomacity,https://oklahomacity.craigslist.org/fbh/6018189056.html,Julia Levy
6018301310,2,24,OK,,,,,,,oklahomacity,https://oklahomacity.craigslist.org/fbh/6018301310.html,Julia Levy
6018453479,2,24,OK,,,,,,,oklahomacity,https://oklahomacity.craigslist.org/fbh/6018453479.html,Julia Levy
6019268919,2,25,OK,,,,,,,oklahomacity,https://oklahomacity.craigslist.org/fbh/6019268919.html,Julia Levy
6021234278,2,26,OK,,,,,,,oklahomacity,https://oklahomacity.craigslist.org/fbh/6021234278.html,Julia Levy
6021573406,2,27,OK,,,,,,,oklahomacity,https://oklahomacity.craigslist.org/fbh/6021573406.html,Julia Levy
6022176475,2,27,OK,,,,,,,oklahomacity,https://oklahomacity.craigslist.org/fbh/6022176475.html,Julia Levy
6022181792,2,27,OK,,,,,,,oklahomacity,https://oklahomacity.craigslist.org/fbh/6022181792.html,Julia Levy
6022278124,2,27,OK,,,,,,,oklahomacity,https://oklahomacity.craigslist.org/fbh/6022278124.html,Julia Levy
6022388492,2,27,OK,,,,,,,oklahomacity,https://oklahomacity.craigslist.org/fbh/6022388492.html,Julia Levy
6022527887,2,27,OK,,,,,,,oklahomacity,https://oklahomacity.craigslist.org/fbh/6022527887.html,Julia Levy
6022553470,2,27,OK,,,,,,,oklahomacity,https://oklahomacity.craigslist.org/fbh/6022553470.html,Julia Levy
6023246727,2,28,OK,,,,,,,oklahomacity,https://oklahomacity.craigslist.org/fbh/6023246727.html,Julia Levy
6023248755,2,28,OK,,,,,,,oklahomacity,https://oklahomacity.craigslist.org/fbh/6023248755.html,Julia Levy
6023262679,2,28,OK,,,,,,,oklahomacity,https://oklahomacity.craigslist.org/fbh/6023262679.html,Julia Levy
6023270894,2,28,OK,,,,,,,oklahomacity,https://oklahomacity.craigslist.org/fbh/6023270894.html,Julia Levy
6023307909,2,28,OK,,,,,,,oklahomacity,https://oklahomacity.craigslist.org/fbh/6023307909.html,Julia Levy
6023358389,2,28,OK,,,,,,,oklahomacity,https://oklahomacity.craigslist.org/fbh/6023358389.html,Julia Levy
6021795663,2,27,OK,,,,,,,oklahomacity,https://oklahomacity.craigslist.org/fbh/6021795663.html,Julia Levy
6023405036,2,28,OK,,,,,,,oklahomacity,https://oklahomacity.craigslist.org/fbh/6023405036.html,Julia Levy
6023425680,2,28,OK,,,,,,,oklahomacity,https://oklahomacity.craigslist.org/fbh/6023425680.html,Julia Levy
6023496230,2,28,OK,,,,,,,oklahomacity,https://oklahomacity.craigslist.org/fbh/6023496230.html,Julia Levy
6023689836,2,28,OK,,,,,,,oklahomacity,https://oklahomacity.craigslist.org/fbh/6023689836.html,Julia Levy
6023730135,2,28,OK,,,,,,,oklahomacity,https://oklahomacity.craigslist.org/fbh/6023730135.html,Julia Levy
6023739523,2,28,OK,,,,,,,oklahomacity,https://oklahomacity.craigslist.org/fbh/6023739523.html,Julia Levy
6023832089,2,28,OK,,,,,,,oklahomacity,https://oklahomacity.craigslist.org/fbh/6023832089.html,Julia Levy
6024653594,3,1,OK,,,,,,,oklahomacity,https://oklahomacity.craigslist.org/fbh/6024653594.html,Julia Levy
6023582777,2,28,TX,,,,,,,houston,https://houston.craigslist.org/fbh/6023582777.html,Julia Levy
6024662974,3,1,OK,,,,,,,oklahomacity,https://oklahomacity.craigslist.org/fbh/6024662974.html,Julia Levy
6023584360,2,28,TX,,,,,,,houston,https://houston.craigslist.org/fbh/6023584360.html,Julia Levy
6023585660,2,28,TX,,,,,,,houston,https://houston.craigslist.org/fbh/6023585660.html,Julia Levy
6024674575,3,1,OK,,,,,,,oklahomacity,https://oklahomacity.craigslist.org/fbh/6024674575.html,Julia Levy
6023585866,2,28,TX,,,,,,,houston,https://houston.craigslist.org/fbh/6023585866.html,Julia Levy
6024695916,3,1,OK,,,,,,,oklahomacity,https://oklahomacity.craigslist.org/fbh/6024695916.html,Julia Levy
6023586384,2,28,TX,,,,,,,houston,https://houston.craigslist.org/fbh/6023586384.html,Julia Levy
6024780812,3,1,OK,,,,,,,oklahomacity,https://oklahomacity.craigslist.org/fbh/6024780812.html,Julia Levy
6025036973,3,1,OK,,,,,,,oklahomacity,https://oklahomacity.craigslist.org/fbh/6025036973.html,Julia Levy
6023587361,2,28,TX,,,,,,,houston,https://houston.craigslist.org/fbh/6023587361.html,Julia Levy
6025114095,3,1,OK,,,,,,,oklahomacity,https://oklahomacity.craigslist.org/fbh/6025114095.html,Julia Levy
6023588465,2,28,TX,,,,,,,houston,https://houston.craigslist.org/fbh/6023588465.html,Julia Levy
6025252107,3,1,OK,,,,,,,oklahomacity,https://oklahomacity.craigslist.org/fbh/6025252107.html,Julia Levy
6023589343,2,28,TX,,,,,,,houston,https://houston.craigslist.org/fbh/6023589343.html,Julia Levy
6023590001,2,28,TX,,,,,,,houston,https://houston.craigslist.org/fbh/6023590001.html,Julia Levy
6025273955,3,1,OK,,,,,,,oklahomacity,https://oklahomacity.craigslist.org/fbh/6025273955.html,Julia Levy
6025382453,3,1,OK,,,,,,,oklahomacity,https://oklahomacity.craigslist.org/fbh/6025382453.html,Julia Levy
6023600815,2,28,TX,,,,,,,houston,https://houston.craigslist.org/fbh/6023600815.html,Julia Levy
6023601282,2,28,TX,,,,,,,houston,https://houston.craigslist.org/fbh/6023601282.html,Julia Levy
6025383382,3,1,OK,,,,,,,oklahomacity,https://oklahomacity.craigslist.org/fbh/6025383382.html,Julia Levy
6023642839,2,28,TX,,,,,,,houston,https://houston.craigslist.org/fbh/6023642839.html,Julia Levy
6025385821,3,1,OK,,,,,,,oklahomacity,https://oklahomacity.craigslist.org/fbh/6025385821.html,Julia Levy
6023657499,2,28,TX,,,,,,,houston,https://houston.craigslist.org/fbh/6023657499.html,Julia Levy
6025416854,3,1,OK,,,,,,,oklahomacity,https://oklahomacity.craigslist.org/fbh/6025416854.html,Julia Levy
6023658800,2,28,TX,,,,,,,houston,https://houston.craigslist.org/fbh/6023658800.html,Julia Levy
6025424190,3,1,OK,,,,,,,oklahomacity,https://oklahomacity.craigslist.org/fbh/6025424190.html,Julia Levy
6023673421,2,28,TX,,,,,,,houston,https://houston.craigslist.org/fbh/6023673421.html,Julia Levy
6025447546,3,1,OK,,,,,,,oklahomacity,https://oklahomacity.craigslist.org/fbh/6025447546.html,Julia Levy
6023684371,2,28,TX,,,,,,,houston,https://houston.craigslist.org/fbh/6023684371.html,Julia Levy
6025448344,3,1,OK,,,,,,,oklahomacity,https://oklahomacity.craigslist.org/fbh/6025448344.html,Julia Levy
6023699109,2,28,TX,,,,,,,houston,https://houston.craigslist.org/fbh/6023699109.html,Julia Levy
6023702470,2,28,TX,,,,,,,houston,https://houston.craigslist.org/fbh/6023702470.html,Julia Levy
6023788163,2,28,TX,,,,,,,houston,https://houston.craigslist.org/fbh/6023788163.html,Julia Levy
6023797617,2,28,TX,,,,,,,houston,https://houston.craigslist.org/fbh/6023797617.html,Julia Levy
6023812599,2,28,TX,,,,,,,houston,https://houston.craigslist.org/fbh/6023812599.html,Julia Levy
6023832647,2,28,TX,,,,,,,houston,https://houston.craigslist.org/fbh/6023832647.html,Julia Levy
6023852889,2,28,TX,,,,,,,houston,https://houston.craigslist.org/fbh/6023852889.html,Julia Levy
6023858367,2,28,TX,,,,,,,houston,https://houston.craigslist.org/fbh/6023858367.html,Julia Levy
6023888944,2,28,TX,,,,,,,houston,https://houston.craigslist.org/fbh/6023888944.html,Julia Levy
6023894241,2,28,TX,,,,,,,houston,https://houston.craigslist.org/fbh/6023894241.html,Julia Levy
6023920167,2,28,TX,,,,,,,houston,https://houston.craigslist.org/fbh/6023920167.html,Julia Levy
6023921683,2,28,TX,,,,,,,houston,https://houston.craigslist.org/fbh/6023921683.html,Julia Levy
6023955062,2,28,TX,,,,,,,houston,https://houston.craigslist.org/fbh/6023955062.html,Julia Levy
6023965770,2,28,TX,,,,,,,houston,https://houston.craigslist.org/fbh/6023965770.html,Julia Levy
6023990141,2,28,TX,,,,,,,houston,https://houston.craigslist.org/fbh/6023990141.html,Julia Levy
6024007135,2,28,TX,,,,,,,houston,https://houston.craigslist.org/fbh/6024007135.html,Julia Levy
6024118445,2,28,TX,,,,,,,houston,https://houston.craigslist.org/fbh/6024118445.html,Julia Levy
6024185265,2,28,TX,,,,,,,houston,https://houston.craigslist.org/fbh/6024185265.html,Julia Levy
6024191682,2,28,TX,,,,,,,houston,https://houston.craigslist.org/fbh/6024191682.html,Julia Levy
6024263135,2,28,TX,,,,,,,houston,https://houston.craigslist.org/fbh/6024263135.html,Julia Levy
6024317889,2,28,TX,,,,,,,houston,https://houston.craigslist.org/fbh/6024317889.html,Julia Levy
6024387912,2,28,TX,,,,,,,houston,https://houston.craigslist.org/fbh/6024387912.html,Julia Levy
6024428163,3,1,TX,,,,,,,houston,https://houston.craigslist.org/fbh/6024428163.html,Julia Levy
6024591267,3,1,TX,,,,,,,houston,https://houston.craigslist.org/fbh/6024591267.html,Julia Levy
6024648426,3,1,TX,,,,,,,houston,https://houston.craigslist.org/fbh/6024648426.html,Julia Levy
6024649551,3,1,TX,,,,,,,houston,https://houston.craigslist.org/fbh/6024649551.html,Julia Levy
6024651128,3,1,TX,,,,,,,houston,https://houston.craigslist.org/fbh/6024651128.html,Julia Levy
6024671544,3,1,TX,,,,,,,houston,https://houston.craigslist.org/fbh/6024671544.html,Julia Levy
6024674296,3,1,TX,,,,,,,houston,https://houston.craigslist.org/fbh/6024674296.html,Julia Levy
6024682050,3,1,TX,,,,,,,houston,https://houston.craigslist.org/fbh/6024682050.html,Julia Levy
6024682964,3,1,TX,,,,,,,houston,https://houston.craigslist.org/fbh/6024682964.html,Julia Levy
6024688860,3,1,TX,,,,,,,houston,https://houston.craigslist.org/fbh/6024688860.html,Julia Levy
6024722125,3,1,TX,,,,,,,houston,https://houston.craigslist.org/fbh/6024722125.html,Julia Levy
6024739896,3,1,TX,,,,,,,houston,https://houston.craigslist.org/fbh/6024739896.html,Julia Levy
6024742951,3,1,TX,,,,,,,houston,https://houston.craigslist.org/fbh/6024742951.html,Julia Levy
6024746671,3,1,TX,,,,,,,houston,https://houston.craigslist.org/fbh/6024746671.html,Julia Levy
6024747440,3,1,TX,,,,,,,houston,https://houston.craigslist.org/fbh/6024747440.html,Julia Levy
6024760190,3,1,TX,,,,,,,houston,https://houston.craigslist.org/fbh/6024760190.html,Julia Levy
6024762774,3,1,TX,,,,,,,houston,https://houston.craigslist.org/fbh/6024762774.html,Julia Levy
6024777665,3,1,TX,,,,,,,houston,https://houston.craigslist.org/fbh/6024777665.html,Julia Levy
6024778835,3,1,TX,,,,,,,houston,https://houston.craigslist.org/fbh/6024778835.html,Julia Levy
6024791354,3,1,TX,,,,,,,houston,https://houston.craigslist.org/fbh/6024791354.html,Julia Levy
6024821497,3,1,TX,,,,,,,houston,https://houston.craigslist.org/fbh/6024821497.html,Julia Levy
6024828716,3,1,TX,,,,,,,houston,https://houston.craigslist.org/fbh/6024828716.html,Julia Levy
6024829402,3,1,TX,,,,,,,houston,https://houston.craigslist.org/fbh/6024829402.html,Julia Levy
6024863621,3,1,TX,,,,,,,houston,https://houston.craigslist.org/fbh/6024863621.html,Julia Levy
6024870682,3,1,TX,,,,,,,houston,https://houston.craigslist.org/fbh/6024870682.html,Julia Levy
6024878152,3,1,TX,,,,,,,houston,https://houston.craigslist.org/fbh/6024878152.html,Julia Levy
6024895706,3,1,TX,,,,,,,houston,https://houston.craigslist.org/fbh/6024895706.html,Julia Levy
6025192452,3,1,TX,,,,,,,houston,https://houston.craigslist.org/fbh/6025192452.html,Julia Levy
6025210752,3,1,TX,,,,,,,houston,https://houston.craigslist.org/fbh/6025210752.html,Julia Levy
6025213473,3,1,TX,,,,,,,houston,https://houston.craigslist.org/fbh/6025213473.html,Julia Levy
6025229825,3,1,TX,,,,,,,houston,https://houston.craigslist.org/fbh/6025229825.html,Julia Levy
6025267012,3,1,TX,,,,,,,houston,https://houston.craigslist.org/fbh/6025267012.html,Julia Levy
6025257437,3,1,TX,,,,,,,houston,https://houston.craigslist.org/fbh/6025257437.html,Julia Levy
6025287126,3,1,TX,,,,,,,houston,https://houston.craigslist.org/fbh/6025287126.html,Julia Levy
6025332777,3,1,TX,,,,,,,houston,https://houston.craigslist.org/fbh/6025332777.html,Julia Levy
6025409001,3,1,TX,,,,,,,houston,https://houston.craigslist.org/fbh/6025409001.html,Julia Levy
6025443582,3,1,TX,,,,,,,houston,https://houston.craigslist.org/fbh/6025443582.html,Julia Levy
6025465848,3,1,TX,,,,,,,houston,https://houston.craigslist.org/fbh/6025465848.html,Julia Levy
6025473328,3,1,TX,,,,,,,houston,https://houston.craigslist.org/fbh/6025473328.html,Julia Levy
6025476246,3,1,TX,,,,,,,houston,https://houston.craigslist.org/fbh/6025476246.html,Julia Levy
6025545248,3,1,TX,,,,,,,houston,https://houston.craigslist.org/fbh/6025545248.html,Julia Levy
6025571842,3,1,TX,,,,,,,houston,https://houston.craigslist.org/fbh/6025571842.html,Julia Levy
6025584597,3,1,TX,,,,,,,houston,https://houston.craigslist.org/fbh/6025584597.html,Julia Levy
6025584929,3,1,TX,,,,,,,houston,https://houston.craigslist.org/fbh/6025584929.html,Julia Levy
6025603184,3,1,TX,,,,,,,houston,https://houston.craigslist.org/fbh/6025603184.html,Julia Levy
6025611048,3,1,TX,,,,,,,houston,https://houston.craigslist.org/fbh/6025611048.html,Julia Levy
