CL_ID,Month,Day,State,Occupation,ToAddress,WordResume,Company,CompanyDescription,EmailSubject,City,url,RA
6003474573,2,14,OK,,,,,,,oklahomacity,https://oklahomacity.craigslist.org/ret/6003474573.html,Keenan Lang-Backe
5982546896,1,30,SD,,,,,,,siouxfalls,https://siouxfalls.craigslist.org/ret/5982546896.html,Keenan Lang-Backe
6006021684,2,16,OK,,,,,,,oklahomacity,https://oklahomacity.craigslist.org/ret/6006021684.html,Keenan Lang-Backe
5983708680,1,31,SD,,,,,,,siouxfalls,https://siouxfalls.craigslist.org/ret/5983708680.html,Keenan Lang-Backe
6006284208,2,16,OK,,,,,,,oklahomacity,https://oklahomacity.craigslist.org/ret/6006284208.html,Keenan Lang-Backe
5983887049,1,31,SD,,,,,,,siouxfalls,https://siouxfalls.craigslist.org/ret/5983887049.html,Keenan Lang-Backe
6006797831,2,16,OK,,,,,,,oklahomacity,https://oklahomacity.craigslist.org/ret/6006797831.html,Keenan Lang-Backe
5994092622,2,7,SD,,,,,,,siouxfalls,https://siouxfalls.craigslist.org/ret/5994092622.html,Keenan Lang-Backe
6007175373,2,17,OK,,,,,,,oklahomacity,https://oklahomacity.craigslist.org/ret/6007175373.html,Keenan Lang-Backe
6009277526,2,18,OK,,,,,,,oklahomacity,https://oklahomacity.craigslist.org/ret/6009277526.html,Keenan Lang-Backe
5994274787,2,7,SD,,,,,,,siouxfalls,https://siouxfalls.craigslist.org/ret/5994274787.html,Keenan Lang-Backe
5996625997,2,9,SD,,,,,,,siouxfalls,https://siouxfalls.craigslist.org/ret/5996625997.html,Keenan Lang-Backe
6010345922,2,19,OK,,,,,,,oklahomacity,https://oklahomacity.craigslist.org/ret/6010345922.html,Keenan Lang-Backe
5998046402,2,10,SD,,,,,,,siouxfalls,https://siouxfalls.craigslist.org/ret/5998046402.html,Keenan Lang-Backe
6013128126,2,21,OK,,,,,,,oklahomacity,https://oklahomacity.craigslist.org/ret/6013128126.html,Keenan Lang-Backe
6002180653,2,13,SD,,,,,,,siouxfalls,https://siouxfalls.craigslist.org/ret/6002180653.html,Keenan Lang-Backe
6013405881,2,21,OK,,,,,,,oklahomacity,https://oklahomacity.craigslist.org/ret/6013405881.html,Keenan Lang-Backe
6002237435,2,13,SD,,,,,,,siouxfalls,https://siouxfalls.craigslist.org/ret/6002237435.html,Keenan Lang-Backe
6013622818,2,21,OK,,,,,,,oklahomacity,https://oklahomacity.craigslist.org/ret/6013622818.html,Keenan Lang-Backe
6003224900,2,14,SD,,,,,,,siouxfalls,https://siouxfalls.craigslist.org/ret/6003224900.html,Keenan Lang-Backe
6013639349,2,21,OK,,,,,,,oklahomacity,https://oklahomacity.craigslist.org/ret/6013639349.html,Keenan Lang-Backe
6003428558,2,14,SD,,,,,,,siouxfalls,https://siouxfalls.craigslist.org/ret/6003428558.html,Keenan Lang-Backe
6013678316,2,21,OK,,,,,,,oklahomacity,https://oklahomacity.craigslist.org/ret/6013678316.html,Keenan Lang-Backe
6003718639,2,14,SD,,,,,,,siouxfalls,https://siouxfalls.craigslist.org/ret/6003718639.html,Keenan Lang-Backe
6014600126,2,22,OK,,,,,,,oklahomacity,https://oklahomacity.craigslist.org/ret/6014600126.html,Keenan Lang-Backe
6014731832,2,22,OK,,,,,,,oklahomacity,https://oklahomacity.craigslist.org/ret/6014731832.html,Keenan Lang-Backe
6003775018,2,14,SD,,,,,,,siouxfalls,https://siouxfalls.craigslist.org/ret/6003775018.html,Keenan Lang-Backe
6014763428,2,22,OK,,,,,,,oklahomacity,https://oklahomacity.craigslist.org/ret/6014763428.html,Keenan Lang-Backe
6003874041,2,14,SD,,,,,,,siouxfalls,https://siouxfalls.craigslist.org/ret/6003874041.html,Keenan Lang-Backe
6015449220,2,22,OK,,,,,,,oklahomacity,https://oklahomacity.craigslist.org/ret/6015449220.html,Keenan Lang-Backe
6003888534,2,14,SD,,,,,,,siouxfalls,https://siouxfalls.craigslist.org/ret/6003888534.html,Keenan Lang-Backe
5981743247,1,30,OK,,,,,,,oklahomacity,https://oklahomacity.craigslist.org/ret/5981743247.html,Keenan Lang-Backe
6003893509,2,14,SD,,,,,,,siouxfalls,https://siouxfalls.craigslist.org/ret/6003893509.html,Keenan Lang-Backe
5981783365,1,30,OK,,,,,,,oklahomacity,https://oklahomacity.craigslist.org/ret/5981783365.html,Keenan Lang-Backe
6004994446,2,15,SD,,,,,,,siouxfalls,https://siouxfalls.craigslist.org/ret/6004994446.html,Keenan Lang-Backe
5981834996,1,30,OK,,,,,,,oklahomacity,https://oklahomacity.craigslist.org/ret/5981834996.html,Keenan Lang-Backe
6006055541,2,16,SD,,,,,,,siouxfalls,https://siouxfalls.craigslist.org/ret/6006055541.html,Keenan Lang-Backe
5982087202,1,30,OK,,,,,,,oklahomacity,https://oklahomacity.craigslist.org/ret/5982087202.html,Keenan Lang-Backe
6006899805,2,16,SD,,,,,,,siouxfalls,https://siouxfalls.craigslist.org/ret/6006899805.html,Keenan Lang-Backe
5982532679,1,30,OK,,,,,,,oklahomacity,https://oklahomacity.craigslist.org/ret/5982532679.html,Keenan Lang-Backe
6011812332,2,20,SD,,,,,,,siouxfalls,https://siouxfalls.craigslist.org/ret/6011812332.html,Keenan Lang-Backe
5982587941,1,30,OK,,,,,,,oklahomacity,https://oklahomacity.craigslist.org/ret/5982587941.html,Keenan Lang-Backe
6013875417,2,21,SD,,,,,,,siouxfalls,https://siouxfalls.craigslist.org/ret/6013875417.html,Keenan Lang-Backe
5982590287,1,30,OK,,,,,,,oklahomacity,https://oklahomacity.craigslist.org/ret/5982590287.html,Keenan Lang-Backe
6013936114,2,21,SD,,,,,,,siouxfalls,https://siouxfalls.craigslist.org/ret/6013936114.html,Keenan Lang-Backe
5983566739,1,31,OK,,,,,,,oklahomacity,https://oklahomacity.craigslist.org/ret/5983566739.html,Keenan Lang-Backe
6016450170,2,23,SD,,,,,,,siouxfalls,https://siouxfalls.craigslist.org/ret/6016450170.html,Keenan Lang-Backe
6016592434,2,23,SD,,,,,,,siouxfalls,https://siouxfalls.craigslist.org/ret/6016592434.html,Keenan Lang-Backe
5983617181,1,31,OK,,,,,,,oklahomacity,https://oklahomacity.craigslist.org/ret/5983617181.html,Keenan Lang-Backe
5983734196,1,31,OK,,,,,,,oklahomacity,https://oklahomacity.craigslist.org/ret/5983734196.html,Keenan Lang-Backe
5984911764,2,1,OK,,,,,,,oklahomacity,https://oklahomacity.craigslist.org/ret/5984911764.html,Keenan Lang-Backe
6017100263,2,23,SD,,,,,,,siouxfalls,https://siouxfalls.craigslist.org/ret/6017100263.html,Keenan Lang-Backe
5985033027,2,1,OK,,,,,,,oklahomacity,https://oklahomacity.craigslist.org/ret/5985033027.html,Keenan Lang-Backe
6023377641,2,28,SD,,,,,,,siouxfalls,https://siouxfalls.craigslist.org/ret/6023377641.html,Keenan Lang-Backe
5985368319,2,1,OK,,,,,,,oklahomacity,https://oklahomacity.craigslist.org/ret/5985368319.html,Keenan Lang-Backe
6023659132,2,28,SD,,,,,,,siouxfalls,https://siouxfalls.craigslist.org/ret/6023659132.html,Keenan Lang-Backe
5985423809,2,1,OK,,,,,,,oklahomacity,https://oklahomacity.craigslist.org/ret/5985423809.html,Keenan Lang-Backe
6023877039,2,28,SD,,,,,,,siouxfalls,https://siouxfalls.craigslist.org/ret/6023877039.html,Keenan Lang-Backe
6024679632,3,1,SD,,,,,,,siouxfalls,https://siouxfalls.craigslist.org/ret/6024679632.html,Keenan Lang-Backe
5985744566,2,1,OK,,,,,,,oklahomacity,https://oklahomacity.craigslist.org/ret/5985744566.html,Keenan Lang-Backe
5986109434,2,2,OK,,,,,,,oklahomacity,https://oklahomacity.craigslist.org/ret/5986109434.html,Keenan Lang-Backe
5986669855,2,2,OK,,,,,,,oklahomacity,https://oklahomacity.craigslist.org/ret/5986669855.html,Keenan Lang-Backe
5986912592,2,2,OK,,,,,,,oklahomacity,https://oklahomacity.craigslist.org/ret/5986912592.html,Keenan Lang-Backe
5987528056,2,3,OK,,,,,,,oklahomacity,https://oklahomacity.craigslist.org/ret/5987528056.html,Keenan Lang-Backe
5987622961,2,3,OK,,,,,,,oklahomacity,https://oklahomacity.craigslist.org/ret/5987622961.html,Keenan Lang-Backe
5987184427,2,2,OK,,,,,,,oklahomacity,https://oklahomacity.craigslist.org/ret/5987184427.html,Keenan Lang-Backe
5988218882,2,3,OK,,,,,,,oklahomacity,https://oklahomacity.craigslist.org/ret/5988218882.html,Keenan Lang-Backe
5988488406,2,3,OK,,,,,,,oklahomacity,https://oklahomacity.craigslist.org/ret/5988488406.html,Keenan Lang-Backe
5989180119,2,4,OK,,,,,,,oklahomacity,https://oklahomacity.craigslist.org/ret/5989180119.html,Keenan Lang-Backe
5992198137,2,6,OK,,,,,,,oklahomacity,https://oklahomacity.craigslist.org/ret/5992198137.html,Keenan Lang-Backe
5992303893,2,6,OK,,,,,,,oklahomacity,https://oklahomacity.craigslist.org/ret/5992303893.html,Keenan Lang-Backe
5992470965,2,6,OK,,,,,,,oklahomacity,https://oklahomacity.craigslist.org/ret/5992470965.html,Keenan Lang-Backe
5993879266,2,7,OK,,,,,,,oklahomacity,https://oklahomacity.craigslist.org/ret/5993879266.html,Keenan Lang-Backe
5994090146,2,7,OK,,,,,,,oklahomacity,https://oklahomacity.craigslist.org/ret/5994090146.html,Keenan Lang-Backe
5994701526,2,8,OK,,,,,,,oklahomacity,https://oklahomacity.craigslist.org/ret/5994701526.html,Keenan Lang-Backe
5995012458,2,8,OK,,,,,,,oklahomacity,https://oklahomacity.craigslist.org/ret/5995012458.html,Keenan Lang-Backe
6007807320,2,17,TX,,,,,,,houston,https://houston.craigslist.org/ret/6007807320.html,Keenan Lang-Backe
6007899045,2,17,TX,,,,,,,houston,https://houston.craigslist.org/ret/6007899045.html,Keenan Lang-Backe
5995459330,2,8,OK,,,,,,,oklahomacity,https://oklahomacity.craigslist.org/ret/5995459330.html,Keenan Lang-Backe
6008756991,2,18,TX,,,,,,,houston,https://houston.craigslist.org/ret/6008756991.html,Keenan Lang-Backe
5996001891,2,9,OK,,,,,,,oklahomacity,https://oklahomacity.craigslist.org/ret/5996001891.html,Keenan Lang-Backe
6009378238,2,18,TX,,,,,,,houston,https://houston.craigslist.org/ret/6009378238.html,Keenan Lang-Backe
5996447523,2,9,OK,,,,,,,oklahomacity,https://oklahomacity.craigslist.org/ret/5996447523.html,Keenan Lang-Backe
6009891842,2,18,TX,,,,,,,houston,https://houston.craigslist.org/ret/6009891842.html,Keenan Lang-Backe
5996576882,2,9,OK,,,,,,,oklahomacity,https://oklahomacity.craigslist.org/ret/5996576882.html,Keenan Lang-Backe
6010871547,2,19,TX,,,,,,,houston,https://houston.craigslist.org/ret/6010871547.html,Keenan Lang-Backe
5996733660,2,9,OK,,,,,,,oklahomacity,https://oklahomacity.craigslist.org/ret/5996733660.html,Keenan Lang-Backe
6011515524,2,20,TX,,,,,,,houston,https://houston.craigslist.org/ret/6011515524.html,Keenan Lang-Backe
6012009099,2,20,TX,,,,,,,houston,https://houston.craigslist.org/ret/6012009099.html,Keenan Lang-Backe
5998502788,2,10,OK,,,,,,,oklahomacity,https://oklahomacity.craigslist.org/ret/5998502788.html,Keenan Lang-Backe
6012065922,2,20,TX,,,,,,,houston,https://houston.craigslist.org/ret/6012065922.html,Keenan Lang-Backe
5999370455,2,11,OK,,,,,,,oklahomacity,https://oklahomacity.craigslist.org/ret/5999370455.html,Keenan Lang-Backe
6012074916,2,20,TX,,,,,,,houston,https://houston.craigslist.org/ret/6012074916.html,Keenan Lang-Backe
6001524439,2,13,OK,,,,,,,oklahomacity,https://oklahomacity.craigslist.org/ret/6001524439.html,Keenan Lang-Backe
6002143190,2,13,OK,,,,,,,oklahomacity,https://oklahomacity.craigslist.org/ret/6002143190.html,Keenan Lang-Backe
6013065604,2,21,TX,,,,,,,houston,https://houston.craigslist.org/ret/6013065604.html,Keenan Lang-Backe
6002206283,2,13,OK,,,,,,,oklahomacity,https://oklahomacity.craigslist.org/ret/6002206283.html,Keenan Lang-Backe
6013134638,2,21,TX,,,,,,,houston,https://houston.craigslist.org/ret/6013134638.html,Keenan Lang-Backe
6002340770,2,13,OK,,,,,,,oklahomacity,https://oklahomacity.craigslist.org/ret/6002340770.html,Keenan Lang-Backe
6002471480,2,13,OK,,,,,,,oklahomacity,https://oklahomacity.craigslist.org/ret/6002471480.html,Keenan Lang-Backe
6013217090,2,21,TX,,,,,,,houston,https://houston.craigslist.org/ret/6013217090.html,Keenan Lang-Backe
6013400625,2,21,TX,,,,,,,houston,https://houston.craigslist.org/ret/6013400625.html,Keenan Lang-Backe
6013408243,2,21,TX,,,,,,,houston,https://houston.craigslist.org/ret/6013408243.html,Keenan Lang-Backe
6002529352,2,13,OK,,,,,,,oklahomacity,https://oklahomacity.craigslist.org/ret/6002529352.html,Keenan Lang-Backe
6003098104,2,14,OK,,,,,,,oklahomacity,https://oklahomacity.craigslist.org/ret/6003098104.html,Keenan Lang-Backe
6013458261,2,21,TX,,,,,,,houston,https://houston.craigslist.org/ret/6013458261.html,Keenan Lang-Backe
6003375262,2,14,OK,,,,,,,oklahomacity,https://oklahomacity.craigslist.org/ret/6003375262.html,Keenan Lang-Backe
6013611033,2,21,TX,,,,,,,houston,https://houston.craigslist.org/ret/6013611033.html,Keenan Lang-Backe
6014335265,2,21,TX,,,,,,,houston,https://houston.craigslist.org/ret/6014335265.html,Keenan Lang-Backe
6014605074,2,22,TX,,,,,,,houston,https://houston.craigslist.org/ret/6014605074.html,Keenan Lang-Backe
6014647590,2,22,TX,,,,,,,houston,https://houston.craigslist.org/ret/6014647590.html,Keenan Lang-Backe
6014798320,2,22,TX,,,,,,,houston,https://houston.craigslist.org/ret/6014798320.html,Keenan Lang-Backe
6015283307,2,22,TX,,,,,,,houston,https://houston.craigslist.org/ret/6015283307.html,Keenan Lang-Backe
6015323160,2,22,TX,,,,,,,houston,https://houston.craigslist.org/ret/6015323160.html,Keenan Lang-Backe
6015752863,2,22,TX,,,,,,,houston,https://houston.craigslist.org/ret/6015752863.html,Keenan Lang-Backe
6016077270,2,23,TX,,,,,,,houston,https://houston.craigslist.org/ret/6016077270.html,Keenan Lang-Backe
6016191160,2,23,TX,,,,,,,houston,https://houston.craigslist.org/ret/6016191160.html,Keenan Lang-Backe
6016368721,2,23,TX,,,,,,,houston,https://houston.craigslist.org/ret/6016368721.html,Keenan Lang-Backe
6016330026,2,23,TX,,,,,,,houston,https://houston.craigslist.org/ret/6016330026.html,Keenan Lang-Backe
6016455814,2,23,TX,,,,,,,houston,https://houston.craigslist.org/ret/6016455814.html,Keenan Lang-Backe
6016608801,2,23,TX,,,,,,,houston,https://houston.craigslist.org/ret/6016608801.html,Keenan Lang-Backe
6016617167,2,23,TX,,,,,,,houston,https://houston.craigslist.org/ret/6016617167.html,Keenan Lang-Backe
6016622675,2,23,TX,,,,,,,houston,https://houston.craigslist.org/ret/6016622675.html,Keenan Lang-Backe
6016697391,2,23,TX,,,,,,,houston,https://houston.craigslist.org/ret/6016697391.html,Keenan Lang-Backe
6016700058,2,23,TX,,,,,,,houston,https://houston.craigslist.org/ret/6016700058.html,Keenan Lang-Backe
6016715576,2,23,TX,,,,,,,houston,https://houston.craigslist.org/ret/6016715576.html,Keenan Lang-Backe
6017597932,2,24,TX,,,,,,,houston,https://houston.craigslist.org/ret/6017597932.html,Keenan Lang-Backe
6017657969,2,24,TX,,,,,,,houston,https://houston.craigslist.org/ret/6017657969.html,Keenan Lang-Backe
6017712282,2,24,TX,,,,,,,houston,https://houston.craigslist.org/ret/6017712282.html,Keenan Lang-Backe
6017706833,2,24,TX,,,,,,,houston,https://houston.craigslist.org/ret/6017706833.html,Keenan Lang-Backe
6017738556,2,24,TX,,,,,,,houston,https://houston.craigslist.org/ret/6017738556.html,Keenan Lang-Backe
6017906444,2,24,TX,,,,,,,houston,https://houston.craigslist.org/ret/6017906444.html,Keenan Lang-Backe
6017947933,2,24,TX,,,,,,,houston,https://houston.craigslist.org/ret/6017947933.html,Keenan Lang-Backe
6017949983,2,24,TX,,,,,,,houston,https://houston.craigslist.org/ret/6017949983.html,Keenan Lang-Backe
6018273103,2,24,TX,,,,,,,houston,https://houston.craigslist.org/ret/6018273103.html,Keenan Lang-Backe
6018317846,2,24,TX,,,,,,,houston,https://houston.craigslist.org/ret/6018317846.html,Keenan Lang-Backe
6018321961,2,24,TX,,,,,,,houston,https://houston.craigslist.org/ret/6018321961.html,Keenan Lang-Backe
6018396409,2,24,TX,,,,,,,houston,https://houston.craigslist.org/ret/6018396409.html,Keenan Lang-Backe
6019270303,2,25,TX,,,,,,,houston,https://houston.craigslist.org/ret/6019270303.html,Keenan Lang-Backe
6020397721,2,26,TX,,,,,,,houston,https://houston.craigslist.org/ret/6020397721.html,Keenan Lang-Backe
6021018381,2,26,TX,,,,,,,houston,https://houston.craigslist.org/ret/6021018381.html,Keenan Lang-Backe
6021119456,2,26,TX,,,,,,,houston,https://houston.craigslist.org/ret/6021119456.html,Keenan Lang-Backe
6015476497,2,22,OK,,,,,,,oklahomacity,https://oklahomacity.craigslist.org/ret/6015476497.html,Keenan Lang-Backe
6021122812,2,26,TX,,,,,,,houston,https://houston.craigslist.org/ret/6021122812.html,Keenan Lang-Backe
6016318218,2,23,OK,,,,,,,oklahomacity,https://oklahomacity.craigslist.org/ret/6016318218.html,Keenan Lang-Backe
6016411075,2,23,OK,,,,,,,oklahomacity,https://oklahomacity.craigslist.org/ret/6016411075.html,Keenan Lang-Backe
6021128980,2,26,TX,,,,,,,houston,https://houston.craigslist.org/ret/6021128980.html,Keenan Lang-Backe
6021131538,2,26,TX,,,,,,,houston,https://houston.craigslist.org/ret/6021131538.html,Keenan Lang-Backe
6017798358,2,24,OK,,,,,,,oklahomacity,https://oklahomacity.craigslist.org/ret/6017798358.html,Keenan Lang-Backe
6017805304,2,24,OK,,,,,,,oklahomacity,https://oklahomacity.craigslist.org/ret/6017805304.html,Keenan Lang-Backe
6021133536,2,26,TX,,,,,,,houston,https://houston.craigslist.org/ret/6021133536.html,Keenan Lang-Backe
6017819077,2,24,OK,,,,,,,oklahomacity,https://oklahomacity.craigslist.org/ret/6017819077.html,Keenan Lang-Backe
6021134724,2,26,TX,,,,,,,houston,https://houston.craigslist.org/ret/6021134724.html,Keenan Lang-Backe
6021136158,2,26,TX,,,,,,,houston,https://houston.craigslist.org/ret/6021136158.html,Keenan Lang-Backe
6017842070,2,24,OK,,,,,,,oklahomacity,https://oklahomacity.craigslist.org/ret/6017842070.html,Keenan Lang-Backe
6021201604,2,26,TX,,,,,,,houston,https://houston.craigslist.org/ret/6021201604.html,Keenan Lang-Backe
6018188200,2,24,OK,,,,,,,oklahomacity,https://oklahomacity.craigslist.org/ret/6018188200.html,Keenan Lang-Backe
6021360511,2,26,TX,,,,,,,houston,https://houston.craigslist.org/ret/6021360511.html,Keenan Lang-Backe
6021171947,2,26,OK,,,,,,,oklahomacity,https://oklahomacity.craigslist.org/ret/6021171947.html,Keenan Lang-Backe
6021774844,2,27,TX,,,,,,,houston,https://houston.craigslist.org/ret/6021774844.html,Keenan Lang-Backe
6021781740,2,27,OK,,,,,,,oklahomacity,https://oklahomacity.craigslist.org/ret/6021781740.html,Keenan Lang-Backe
6022057217,2,27,TX,,,,,,,houston,https://houston.craigslist.org/ret/6022057217.html,Keenan Lang-Backe
6021939132,2,27,OK,,,,,,,oklahomacity,https://oklahomacity.craigslist.org/ret/6021939132.html,Keenan Lang-Backe
6022090404,2,27,TX,,,,,,,houston,https://houston.craigslist.org/ret/6022090404.html,Keenan Lang-Backe
6023239816,2,28,OK,,,,,,,oklahomacity,https://oklahomacity.craigslist.org/ret/6023239816.html,Keenan Lang-Backe
6022151688,2,27,TX,,,,,,,houston,https://houston.craigslist.org/ret/6022151688.html,Keenan Lang-Backe
6023292548,2,28,OK,,,,,,,oklahomacity,https://oklahomacity.craigslist.org/ret/6023292548.html,Keenan Lang-Backe
6022174810,2,27,TX,,,,,,,houston,https://houston.craigslist.org/ret/6022174810.html,Keenan Lang-Backe
6023447551,2,28,OK,,,,,,,oklahomacity,https://oklahomacity.craigslist.org/ret/6023447551.html,Keenan Lang-Backe
6023634017,2,28,OK,,,,,,,oklahomacity,https://oklahomacity.craigslist.org/ret/6023634017.html,Keenan Lang-Backe
6022208133,2,27,TX,,,,,,,houston,https://houston.craigslist.org/ret/6022208133.html,Keenan Lang-Backe
6023905925,2,28,OK,,,,,,,oklahomacity,https://oklahomacity.craigslist.org/ret/6023905925.html,Keenan Lang-Backe
6022258269,2,27,TX,,,,,,,houston,https://houston.craigslist.org/ret/6022258269.html,Keenan Lang-Backe
6023909921,2,28,OK,,,,,,,oklahomacity,https://oklahomacity.craigslist.org/ret/6023909921.html,Keenan Lang-Backe
6022414647,2,27,TX,,,,,,,houston,https://houston.craigslist.org/ret/6022414647.html,Keenan Lang-Backe
6024135711,2,28,OK,,,,,,,oklahomacity,https://oklahomacity.craigslist.org/ret/6024135711.html,Keenan Lang-Backe
6022693144,2,27,TX,,,,,,,houston,https://houston.craigslist.org/ret/6022693144.html,Keenan Lang-Backe
6024177638,2,28,OK,,,,,,,oklahomacity,https://oklahomacity.craigslist.org/ret/6024177638.html,Keenan Lang-Backe
6022737866,2,27,TX,,,,,,,houston,https://houston.craigslist.org/ret/6022737866.html,Keenan Lang-Backe
6024789507,3,1,OK,,,,,,,oklahomacity,https://oklahomacity.craigslist.org/ret/6024789507.html,Keenan Lang-Backe
6022843450,2,27,TX,,,,,,,houston,https://houston.craigslist.org/ret/6022843450.html,Keenan Lang-Backe
6023129106,2,28,TX,,,,,,,houston,https://houston.craigslist.org/ret/6023129106.html,Keenan Lang-Backe
6023463429,2,28,TX,,,,,,,houston,https://houston.craigslist.org/ret/6023463429.html,Keenan Lang-Backe
6023577059,2,28,TX,,,,,,,houston,https://houston.craigslist.org/ret/6023577059.html,Keenan Lang-Backe
6023661169,2,28,TX,,,,,,,houston,https://houston.craigslist.org/ret/6023661169.html,Keenan Lang-Backe
6023714384,2,28,TX,,,,,,,houston,https://houston.craigslist.org/ret/6023714384.html,Keenan Lang-Backe
6023819915,2,28,TX,,,,,,,houston,https://houston.craigslist.org/ret/6023819915.html,Keenan Lang-Backe
6023876369,2,28,TX,,,,,,,houston,https://houston.craigslist.org/ret/6023876369.html,Keenan Lang-Backe
6023916520,2,28,TX,,,,,,,houston,https://houston.craigslist.org/ret/6023916520.html,Keenan Lang-Backe
6023946120,2,28,TX,,,,,,,houston,https://houston.craigslist.org/ret/6023946120.html,Keenan Lang-Backe
6023953658,2,28,TX,,,,,,,houston,https://houston.craigslist.org/ret/6023953658.html,Keenan Lang-Backe
6023996815,2,28,TX,,,,,,,houston,https://houston.craigslist.org/ret/6023996815.html,Keenan Lang-Backe
6023998291,2,28,TX,,,,,,,houston,https://houston.craigslist.org/ret/6023998291.html,Keenan Lang-Backe
6024078208,2,28,TX,,,,,,,houston,https://houston.craigslist.org/ret/6024078208.html,Keenan Lang-Backe
6024082402,2,28,TX,,,,,,,houston,https://houston.craigslist.org/ret/6024082402.html,Keenan Lang-Backe
6024150471,2,28,TX,,,,,,,houston,https://houston.craigslist.org/ret/6024150471.html,Keenan Lang-Backe
6024489979,3,1,TX,,,,,,,houston,https://houston.craigslist.org/ret/6024489979.html,Keenan Lang-Backe
6024681204,3,1,TX,,,,,,,houston,https://houston.craigslist.org/ret/6024681204.html,Keenan Lang-Backe
6024798709,3,1,TX,,,,,,,houston,https://houston.craigslist.org/ret/6024798709.html,Keenan Lang-Backe
6024829738,3,1,TX,,,,,,,houston,https://houston.craigslist.org/ret/6024829738.html,Keenan Lang-Backe
6024855188,3,1,TX,,,,,,,houston,https://houston.craigslist.org/ret/6024855188.html,Keenan Lang-Backe
6024886929,3,1,TX,,,,,,,houston,https://houston.craigslist.org/ret/6024886929.html,Keenan Lang-Backe
6024899274,3,1,TX,,,,,,,houston,https://houston.craigslist.org/ret/6024899274.html,Keenan Lang-Backe
6024899648,3,1,TX,,,,,,,houston,https://houston.craigslist.org/ret/6024899648.html,Keenan Lang-Backe
6025016010,3,1,TX,,,,,,,houston,https://houston.craigslist.org/ret/6025016010.html,Keenan Lang-Backe
6025231317,3,1,TX,,,,,,,houston,https://houston.craigslist.org/ret/6025231317.html,Keenan Lang-Backe
6025266080,3,1,TX,,,,,,,houston,https://houston.craigslist.org/ret/6025266080.html,Keenan Lang-Backe
6025335260,3,1,TX,,,,,,,houston,https://houston.craigslist.org/ret/6025335260.html,Keenan Lang-Backe
6025355197,3,1,TX,,,,,,,houston,https://houston.craigslist.org/ret/6025355197.html,Keenan Lang-Backe
6025393436,3,1,TX,,,,,,,houston,https://houston.craigslist.org/ret/6025393436.html,Keenan Lang-Backe
6025430648,3,1,TX,,,,,,,houston,https://houston.craigslist.org/ret/6025430648.html,Keenan Lang-Backe
