CL_ID,Month,Day,State,Occupation,ToAddress,WordResume,Company,CompanyDescription,EmailSubject,City,url,RA
5982562026,1,30,MT,,,,,,,billings,https://billings.craigslist.org/sec/5982562026.html,Samuel Rich
5981647749,1,30,SD,,,,,,,siouxfalls,https://siouxfalls.craigslist.org/sec/5981647749.html,Samuel Rich
5982581493,1,30,SD,,,,,,,siouxfalls,https://siouxfalls.craigslist.org/sec/5982581493.html,Samuel Rich
6013757143,2,21,SD,,,,,,,siouxfalls,https://siouxfalls.craigslist.org/sec/6013757143.html,Samuel Rich
6016280247,2,23,SD,,,,,,,siouxfalls,https://siouxfalls.craigslist.org/sec/6016280247.html,Samuel Rich
